class,source_dataset,source_zip,zip_member,output_filename,candidate_path,recommended_action
trash,TrashNet,/Users/sylviachan/Desktop/機器學習/分組/Garbage-Classification-System/data/raw_data/Trashnet.zip,dataset-resized/trash/trash6.jpg,TN_trash_6.jpg,/Users/sylviachan/Desktop/機器學習/分組/Garbage-Classification-System/data/supplement_candidates/trash/TN_trash_6.jpg,manual_review_then_add_to_train
trash,TrashNet,/Users/sylviachan/Desktop/機器學習/分組/Garbage-Classification-System/data/raw_data/Trashnet.zip,dataset-resized/trash/trash43.jpg,TN_trash_43.jpg,/Users/sylviachan/Desktop/機器學習/分組/Garbage-Classification-System/data/supplement_candidates/trash/TN_trash_43.jpg,manual_review_then_add_to_train
trash,TrashNet,/Users/sylviachan/Desktop/機器學習/分組/Garbage-Classification-System/data/raw_data/Trashnet.zip,dataset-resized/trash/trash1.jpg,TN_trash_1.jpg,/Users/sylviachan/Desktop/機器學習/分組/Garbage-Classification-System/data/supplement_candidates/trash/TN_trash_1.jpg,manual_review_then_add_to_train
trash,TrashNet,/Users/sylviachan/Desktop/機器學習/分組/Garbage-Classification-System/data/raw_data/Trashnet.zip,dataset-resized/trash/trash127.jpg,TN_trash_127.jpg,/Users/sylviachan/Desktop/機器學習/分組/Garbage-Classification-System/data/supplement_candidates/trash/TN_trash_127.jpg,manual_review_then_add_to_train
trash,TrashNet,/Users/sylviachan/Desktop/機器學習/分組/Garbage-Classification-System/data/raw_data/Trashnet.zip,dataset-resized/trash/trash133.jpg,TN_trash_133.jpg,/Users/sylviachan/Desktop/機器學習/分組/Garbage-Classification-System/data/supplement_candidates/trash/TN_trash_133.jpg,manual_review_then_add_to_train
trash,TrashNet,/Users/sylviachan/Desktop/機器學習/分組/Garbage-Classification-System/data/raw_data/Trashnet.zip,dataset-resized/trash/trash136.jpg,TN_trash_136.jpg,/Users/sylviachan/Desktop/機器學習/分組/Garbage-Classification-System/data/supplement_candidates/trash/TN_trash_136.jpg,manual_review_then_add_to_train
trash,TrashNet,/Users/sylviachan/Desktop/機器學習/分組/Garbage-Classification-System/data/raw_data/Trashnet.zip,dataset-resized/trash/trash130.jpg,TN_trash_130.jpg,/Users/sylviachan/Desktop/機器學習/分組/Garbage-Classification-System/data/supplement_candidates/trash/TN_trash_130.jpg,manual_review_then_add_to_train
trash,TrashNet,/Users/sylviachan/Desktop/機器學習/分組/Garbage-Classification-System/data/raw_data/Trashnet.zip,dataset-resized/trash/trash100.jpg,TN_trash_100.jpg,/Users/sylviachan/Desktop/機器學習/分組/Garbage-Classification-System/data/supplement_candidates/trash/TN_trash_100.jpg,manual_review_then_add_to_train
trash,TrashNet,/Users/sylviachan/Desktop/機器學習/分組/Garbage-Classification-System/data/raw_data/Trashnet.zip,dataset-resized/trash/trash125.jpg,TN_trash_125.jpg,/Users/sylviachan/Desktop/機器學習/分組/Garbage-Classification-System/data/supplement_candidates/trash/TN_trash_125.jpg,manual_review_then_add_to_train
trash,TrashNet,/Users/sylviachan/Desktop/機器學習/分組/Garbage-Classification-System/data/raw_data/Trashnet.zip,dataset-resized/trash/trash124.jpg,TN_trash_124.jpg,/Users/sylviachan/Desktop/機器學習/分組/Garbage-Classification-System/data/supplement_candidates/trash/TN_trash_124.jpg,manual_review_then_add_to_train
trash,TrashNet,/Users/sylviachan/Desktop/機器學習/分組/Garbage-Classification-System/data/raw_data/Trashnet.zip,dataset-resized/trash/trash126.jpg,TN_trash_126.jpg,/Users/sylviachan/Desktop/機器學習/分組/Garbage-Classification-System/data/supplement_candidates/trash/TN_trash_126.jpg,manual_review_then_add_to_train
trash,TrashNet,/Users/sylviachan/Desktop/機器學習/分組/Garbage-Classification-System/data/raw_data/Trashnet.zip,dataset-resized/trash/trash129.jpg,TN_trash_129.jpg,/Users/sylviachan/Desktop/機器學習/分組/Garbage-Classification-System/data/supplement_candidates/trash/TN_trash_129.jpg,manual_review_then_add_to_train
trash,TrashNet,/Users/sylviachan/Desktop/機器學習/分組/Garbage-Classification-System/data/raw_data/Trashnet.zip,dataset-resized/trash/trash3.jpg,TN_trash_3.jpg,/Users/sylviachan/Desktop/機器學習/分組/Garbage-Classification-System/data/supplement_candidates/trash/TN_trash_3.jpg,manual_review_then_add_to_train
trash,TrashNet,/Users/sylviachan/Desktop/機器學習/分組/Garbage-Classification-System/data/raw_data/Trashnet.zip,dataset-resized/trash/trash80.jpg,TN_trash_80.jpg,/Users/sylviachan/Desktop/機器學習/分組/Garbage-Classification-System/data/supplement_candidates/trash/TN_trash_80.jpg,manual_review_then_add_to_train
trash,TrashNet,/Users/sylviachan/Desktop/機器學習/分組/Garbage-Classification-System/data/raw_data/Trashnet.zip,dataset-resized/trash/trash135.jpg,TN_trash_135.jpg,/Users/sylviachan/Desktop/機器學習/分組/Garbage-Classification-System/data/supplement_candidates/trash/TN_trash_135.jpg,manual_review_then_add_to_train
trash,TrashNet,/Users/sylviachan/Desktop/機器學習/分組/Garbage-Classification-System/data/raw_data/Trashnet.zip,dataset-resized/trash/trash117.jpg,TN_trash_117.jpg,/Users/sylviachan/Desktop/機器學習/分組/Garbage-Classification-System/data/supplement_candidates/trash/TN_trash_117.jpg,manual_review_then_add_to_train
trash,TrashNet,/Users/sylviachan/Desktop/機器學習/分組/Garbage-Classification-System/data/raw_data/Trashnet.zip,dataset-resized/trash/trash42.jpg,TN_trash_42.jpg,/Users/sylviachan/Desktop/機器學習/分組/Garbage-Classification-System/data/supplement_candidates/trash/TN_trash_42.jpg,manual_review_then_add_to_train
trash,TrashNet,/Users/sylviachan/Desktop/機器學習/分組/Garbage-Classification-System/data/raw_data/Trashnet.zip,dataset-resized/trash/trash105.jpg,TN_trash_105.jpg,/Users/sylviachan/Desktop/機器學習/分組/Garbage-Classification-System/data/supplement_candidates/trash/TN_trash_105.jpg,manual_review_then_add_to_train
trash,TrashNet,/Users/sylviachan/Desktop/機器學習/分組/Garbage-Classification-System/data/raw_data/Trashnet.zip,dataset-resized/trash/trash73.jpg,TN_trash_73.jpg,/Users/sylviachan/Desktop/機器學習/分組/Garbage-Classification-System/data/supplement_candidates/trash/TN_trash_73.jpg,manual_review_then_add_to_train
trash,TrashNet,/Users/sylviachan/Desktop/機器學習/分組/Garbage-Classification-System/data/raw_data/Trashnet.zip,dataset-resized/trash/trash85.jpg,TN_trash_85.jpg,/Users/sylviachan/Desktop/機器學習/分組/Garbage-Classification-System/data/supplement_candidates/trash/TN_trash_85.jpg,manual_review_then_add_to_train
trash,TrashNet,/Users/sylviachan/Desktop/機器學習/分組/Garbage-Classification-System/data/raw_data/Trashnet.zip,dataset-resized/trash/trash38.jpg,TN_trash_38.jpg,/Users/sylviachan/Desktop/機器學習/分組/Garbage-Classification-System/data/supplement_candidates/trash/TN_trash_38.jpg,manual_review_then_add_to_train
trash,TrashNet,/Users/sylviachan/Desktop/機器學習/分組/Garbage-Classification-System/data/raw_data/Trashnet.zip,dataset-resized/trash/trash119.jpg,TN_trash_119.jpg,/Users/sylviachan/Desktop/機器學習/分組/Garbage-Classification-System/data/supplement_candidates/trash/TN_trash_119.jpg,manual_review_then_add_to_train
trash,TrashNet,/Users/sylviachan/Desktop/機器學習/分組/Garbage-Classification-System/data/raw_data/Trashnet.zip,dataset-resized/trash/trash92.jpg,TN_trash_92.jpg,/Users/sylviachan/Desktop/機器學習/分組/Garbage-Classification-System/data/supplement_candidates/trash/TN_trash_92.jpg,manual_review_then_add_to_train
trash,TrashNet,/Users/sylviachan/Desktop/機器學習/分組/Garbage-Classification-System/data/raw_data/Trashnet.zip,dataset-resized/trash/trash122.jpg,TN_trash_122.jpg,/Users/sylviachan/Desktop/機器學習/分組/Garbage-Classification-System/data/supplement_candidates/trash/TN_trash_122.jpg,manual_review_then_add_to_train
trash,TrashNet,/Users/sylviachan/Desktop/機器學習/分組/Garbage-Classification-System/data/raw_data/Trashnet.zip,dataset-resized/trash/trash78.jpg,TN_trash_78.jpg,/Users/sylviachan/Desktop/機器學習/分組/Garbage-Classification-System/data/supplement_candidates/trash/TN_trash_78.jpg,manual_review_then_add_to_train
trash,TrashNet,/Users/sylviachan/Desktop/機器學習/分組/Garbage-Classification-System/data/raw_data/Trashnet.zip,dataset-resized/trash/trash84.jpg,TN_trash_84.jpg,/Users/sylviachan/Desktop/機器學習/分組/Garbage-Classification-System/data/supplement_candidates/trash/TN_trash_84.jpg,manual_review_then_add_to_train
trash,TrashNet,/Users/sylviachan/Desktop/機器學習/分組/Garbage-Classification-System/data/raw_data/Trashnet.zip,dataset-resized/trash/trash121.jpg,TN_trash_121.jpg,/Users/sylviachan/Desktop/機器學習/分組/Garbage-Classification-System/data/supplement_candidates/trash/TN_trash_121.jpg,manual_review_then_add_to_train
trash,TrashNet,/Users/sylviachan/Desktop/機器學習/分組/Garbage-Classification-System/data/raw_data/Trashnet.zip,dataset-resized/trash/trash51.jpg,TN_trash_51.jpg,/Users/sylviachan/Desktop/機器學習/分組/Garbage-Classification-System/data/supplement_candidates/trash/TN_trash_51.jpg,manual_review_then_add_to_train
trash,TrashNet,/Users/sylviachan/Desktop/機器學習/分組/Garbage-Classification-System/data/raw_data/Trashnet.zip,dataset-resized/trash/trash128.jpg,TN_trash_128.jpg,/Users/sylviachan/Desktop/機器學習/分組/Garbage-Classification-System/data/supplement_candidates/trash/TN_trash_128.jpg,manual_review_then_add_to_train
trash,TrashNet,/Users/sylviachan/Desktop/機器學習/分組/Garbage-Classification-System/data/raw_data/Trashnet.zip,dataset-resized/trash/trash26.jpg,TN_trash_26.jpg,/Users/sylviachan/Desktop/機器學習/分組/Garbage-Classification-System/data/supplement_candidates/trash/TN_trash_26.jpg,manual_review_then_add_to_train
trash,TrashNet,/Users/sylviachan/Desktop/機器學習/分組/Garbage-Classification-System/data/raw_data/Trashnet.zip,dataset-resized/trash/trash74.jpg,TN_trash_74.jpg,/Users/sylviachan/Desktop/機器學習/分組/Garbage-Classification-System/data/supplement_candidates/trash/TN_trash_74.jpg,manual_review_then_add_to_train
trash,TrashNet,/Users/sylviachan/Desktop/機器學習/分組/Garbage-Classification-System/data/raw_data/Trashnet.zip,dataset-resized/trash/trash107.jpg,TN_trash_107.jpg,/Users/sylviachan/Desktop/機器學習/分組/Garbage-Classification-System/data/supplement_candidates/trash/TN_trash_107.jpg,manual_review_then_add_to_train
trash,TrashNet,/Users/sylviachan/Desktop/機器學習/分組/Garbage-Classification-System/data/raw_data/Trashnet.zip,dataset-resized/trash/trash20.jpg,TN_trash_20.jpg,/Users/sylviachan/Desktop/機器學習/分組/Garbage-Classification-System/data/supplement_candidates/trash/TN_trash_20.jpg,manual_review_then_add_to_train
trash,TrashNet,/Users/sylviachan/Desktop/機器學習/分組/Garbage-Classification-System/data/raw_data/Trashnet.zip,dataset-resized/trash/trash91.jpg,TN_trash_91.jpg,/Users/sylviachan/Desktop/機器學習/分組/Garbage-Classification-System/data/supplement_candidates/trash/TN_trash_91.jpg,manual_review_then_add_to_train
trash,TrashNet,/Users/sylviachan/Desktop/機器學習/分組/Garbage-Classification-System/data/raw_data/Trashnet.zip,dataset-resized/trash/trash123.jpg,TN_trash_123.jpg,/Users/sylviachan/Desktop/機器學習/分組/Garbage-Classification-System/data/supplement_candidates/trash/TN_trash_123.jpg,manual_review_then_add_to_train
trash,TrashNet,/Users/sylviachan/Desktop/機器學習/分組/Garbage-Classification-System/data/raw_data/Trashnet.zip,dataset-resized/trash/trash63.jpg,TN_trash_63.jpg,/Users/sylviachan/Desktop/機器學習/分組/Garbage-Classification-System/data/supplement_candidates/trash/TN_trash_63.jpg,manual_review_then_add_to_train
trash,TrashNet,/Users/sylviachan/Desktop/機器學習/分組/Garbage-Classification-System/data/raw_data/Trashnet.zip,dataset-resized/trash/trash134.jpg,TN_trash_134.jpg,/Users/sylviachan/Desktop/機器學習/分組/Garbage-Classification-System/data/supplement_candidates/trash/TN_trash_134.jpg,manual_review_then_add_to_train
trash,TrashNet,/Users/sylviachan/Desktop/機器學習/分組/Garbage-Classification-System/data/raw_data/Trashnet.zip,dataset-resized/trash/trash72.jpg,TN_trash_72.jpg,/Users/sylviachan/Desktop/機器學習/分組/Garbage-Classification-System/data/supplement_candidates/trash/TN_trash_72.jpg,manual_review_then_add_to_train
trash,TrashNet,/Users/sylviachan/Desktop/機器學習/分組/Garbage-Classification-System/data/raw_data/Trashnet.zip,dataset-resized/trash/trash96.jpg,TN_trash_96.jpg,/Users/sylviachan/Desktop/機器學習/分組/Garbage-Classification-System/data/supplement_candidates/trash/TN_trash_96.jpg,manual_review_then_add_to_train
trash,TrashNet,/Users/sylviachan/Desktop/機器學習/分組/Garbage-Classification-System/data/raw_data/Trashnet.zip,dataset-resized/trash/trash21.jpg,TN_trash_21.jpg,/Users/sylviachan/Desktop/機器學習/分組/Garbage-Classification-System/data/supplement_candidates/trash/TN_trash_21.jpg,manual_review_then_add_to_train
trash,TrashNet,/Users/sylviachan/Desktop/機器學習/分組/Garbage-Classification-System/data/raw_data/Trashnet.zip,dataset-resized/trash/trash64.jpg,TN_trash_64.jpg,/Users/sylviachan/Desktop/機器學習/分組/Garbage-Classification-System/data/supplement_candidates/trash/TN_trash_64.jpg,manual_review_then_add_to_train
trash,TrashNet,/Users/sylviachan/Desktop/機器學習/分組/Garbage-Classification-System/data/raw_data/Trashnet.zip,dataset-resized/trash/trash59.jpg,TN_trash_59.jpg,/Users/sylviachan/Desktop/機器學習/分組/Garbage-Classification-System/data/supplement_candidates/trash/TN_trash_59.jpg,manual_review_then_add_to_train
trash,TrashNet,/Users/sylviachan/Desktop/機器學習/分組/Garbage-Classification-System/data/raw_data/Trashnet.zip,dataset-resized/trash/trash132.jpg,TN_trash_132.jpg,/Users/sylviachan/Desktop/機器學習/分組/Garbage-Classification-System/data/supplement_candidates/trash/TN_trash_132.jpg,manual_review_then_add_to_train
trash,TrashNet,/Users/sylviachan/Desktop/機器學習/分組/Garbage-Classification-System/data/raw_data/Trashnet.zip,dataset-resized/trash/trash87.jpg,TN_trash_87.jpg,/Users/sylviachan/Desktop/機器學習/分組/Garbage-Classification-System/data/supplement_candidates/trash/TN_trash_87.jpg,manual_review_then_add_to_train
trash,TrashNet,/Users/sylviachan/Desktop/機器學習/分組/Garbage-Classification-System/data/raw_data/Trashnet.zip,dataset-resized/trash/trash83.jpg,TN_trash_83.jpg,/Users/sylviachan/Desktop/機器學習/分組/Garbage-Classification-System/data/supplement_candidates/trash/TN_trash_83.jpg,manual_review_then_add_to_train
trash,TrashNet,/Users/sylviachan/Desktop/機器學習/分組/Garbage-Classification-System/data/raw_data/Trashnet.zip,dataset-resized/trash/trash40.jpg,TN_trash_40.jpg,/Users/sylviachan/Desktop/機器學習/分組/Garbage-Classification-System/data/supplement_candidates/trash/TN_trash_40.jpg,manual_review_then_add_to_train
trash,TrashNet,/Users/sylviachan/Desktop/機器學習/分組/Garbage-Classification-System/data/raw_data/Trashnet.zip,dataset-resized/trash/trash71.jpg,TN_trash_71.jpg,/Users/sylviachan/Desktop/機器學習/分組/Garbage-Classification-System/data/supplement_candidates/trash/TN_trash_71.jpg,manual_review_then_add_to_train
trash,TrashNet,/Users/sylviachan/Desktop/機器學習/分組/Garbage-Classification-System/data/raw_data/Trashnet.zip,dataset-resized/trash/trash17.jpg,TN_trash_17.jpg,/Users/sylviachan/Desktop/機器學習/分組/Garbage-Classification-System/data/supplement_candidates/trash/TN_trash_17.jpg,manual_review_then_add_to_train
trash,TrashNet,/Users/sylviachan/Desktop/機器學習/分組/Garbage-Classification-System/data/raw_data/Trashnet.zip,dataset-resized/trash/trash32.jpg,TN_trash_32.jpg,/Users/sylviachan/Desktop/機器學習/分組/Garbage-Classification-System/data/supplement_candidates/trash/TN_trash_32.jpg,manual_review_then_add_to_train
trash,TrashNet,/Users/sylviachan/Desktop/機器學習/分組/Garbage-Classification-System/data/raw_data/Trashnet.zip,dataset-resized/trash/trash25.jpg,TN_trash_25.jpg,/Users/sylviachan/Desktop/機器學習/分組/Garbage-Classification-System/data/supplement_candidates/trash/TN_trash_25.jpg,manual_review_then_add_to_train
trash,TrashNet,/Users/sylviachan/Desktop/機器學習/分組/Garbage-Classification-System/data/raw_data/Trashnet.zip,dataset-resized/trash/trash70.jpg,TN_trash_70.jpg,/Users/sylviachan/Desktop/機器學習/分組/Garbage-Classification-System/data/supplement_candidates/trash/TN_trash_70.jpg,manual_review_then_add_to_train
trash,TrashNet,/Users/sylviachan/Desktop/機器學習/分組/Garbage-Classification-System/data/raw_data/Trashnet.zip,dataset-resized/trash/trash65.jpg,TN_trash_65.jpg,/Users/sylviachan/Desktop/機器學習/分組/Garbage-Classification-System/data/supplement_candidates/trash/TN_trash_65.jpg,manual_review_then_add_to_train
trash,TrashNet,/Users/sylviachan/Desktop/機器學習/分組/Garbage-Classification-System/data/raw_data/Trashnet.zip,dataset-resized/trash/trash137.jpg,TN_trash_137.jpg,/Users/sylviachan/Desktop/機器學習/分組/Garbage-Classification-System/data/supplement_candidates/trash/TN_trash_137.jpg,manual_review_then_add_to_train
trash,TrashNet,/Users/sylviachan/Desktop/機器學習/分組/Garbage-Classification-System/data/raw_data/Trashnet.zip,dataset-resized/trash/trash131.jpg,TN_trash_131.jpg,/Users/sylviachan/Desktop/機器學習/分組/Garbage-Classification-System/data/supplement_candidates/trash/TN_trash_131.jpg,manual_review_then_add_to_train
trash,TrashNet,/Users/sylviachan/Desktop/機器學習/分組/Garbage-Classification-System/data/raw_data/Trashnet.zip,dataset-resized/trash/trash108.jpg,TN_trash_108.jpg,/Users/sylviachan/Desktop/機器學習/分組/Garbage-Classification-System/data/supplement_candidates/trash/TN_trash_108.jpg,manual_review_then_add_to_train
trash,TrashNet,/Users/sylviachan/Desktop/機器學習/分組/Garbage-Classification-System/data/raw_data/Trashnet.zip,dataset-resized/trash/trash114.jpg,TN_trash_114.jpg,/Users/sylviachan/Desktop/機器學習/分組/Garbage-Classification-System/data/supplement_candidates/trash/TN_trash_114.jpg,manual_review_then_add_to_train
trash,TrashNet,/Users/sylviachan/Desktop/機器學習/分組/Garbage-Classification-System/data/raw_data/Trashnet.zip,dataset-resized/trash/trash44.jpg,TN_trash_44.jpg,/Users/sylviachan/Desktop/機器學習/分組/Garbage-Classification-System/data/supplement_candidates/trash/TN_trash_44.jpg,manual_review_then_add_to_train
trash,TrashNet,/Users/sylviachan/Desktop/機器學習/分組/Garbage-Classification-System/data/raw_data/Trashnet.zip,dataset-resized/trash/trash120.jpg,TN_trash_120.jpg,/Users/sylviachan/Desktop/機器學習/分組/Garbage-Classification-System/data/supplement_candidates/trash/TN_trash_120.jpg,manual_review_then_add_to_train
trash,TrashNet,/Users/sylviachan/Desktop/機器學習/分組/Garbage-Classification-System/data/raw_data/Trashnet.zip,dataset-resized/trash/trash4.jpg,TN_trash_4.jpg,/Users/sylviachan/Desktop/機器學習/分組/Garbage-Classification-System/data/supplement_candidates/trash/TN_trash_4.jpg,manual_review_then_add_to_train
trash,TrashNet,/Users/sylviachan/Desktop/機器學習/分組/Garbage-Classification-System/data/raw_data/Trashnet.zip,dataset-resized/trash/trash75.jpg,TN_trash_75.jpg,/Users/sylviachan/Desktop/機器學習/分組/Garbage-Classification-System/data/supplement_candidates/trash/TN_trash_75.jpg,manual_review_then_add_to_train
trash,TrashNet,/Users/sylviachan/Desktop/機器學習/分組/Garbage-Classification-System/data/raw_data/Trashnet.zip,dataset-resized/trash/trash23.jpg,TN_trash_23.jpg,/Users/sylviachan/Desktop/機器學習/分組/Garbage-Classification-System/data/supplement_candidates/trash/TN_trash_23.jpg,manual_review_then_add_to_train
trash,GD,/Users/sylviachan/Desktop/機器學習/分組/Garbage-Classification-System/data/raw_data/GD.zip,original/trash/trash_453.jpg,GD_trash_453.jpg,/Users/sylviachan/Desktop/機器學習/分組/Garbage-Classification-System/data/supplement_candidates/trash/GD_trash_453.jpg,manual_review_then_add_to_train
trash,GD,/Users/sylviachan/Desktop/機器學習/分組/Garbage-Classification-System/data/raw_data/GD.zip,original/trash/trash_306.jpg,GD_trash_306.jpg,/Users/sylviachan/Desktop/機器學習/分組/Garbage-Classification-System/data/supplement_candidates/trash/GD_trash_306.jpg,manual_review_then_add_to_train
cardboard,TrashNet,/Users/sylviachan/Desktop/機器學習/分組/Garbage-Classification-System/data/raw_data/Trashnet.zip,dataset-resized/cardboard/cardboard6.jpg,TN_cardboard_6.jpg,/Users/sylviachan/Desktop/機器學習/分組/Garbage-Classification-System/data/supplement_candidates/cardboard/TN_cardboard_6.jpg,manual_review_then_add_to_train
cardboard,TrashNet,/Users/sylviachan/Desktop/機器學習/分組/Garbage-Classification-System/data/raw_data/Trashnet.zip,dataset-resized/cardboard/cardboard164.jpg,TN_cardboard_164.jpg,/Users/sylviachan/Desktop/機器學習/分組/Garbage-Classification-System/data/supplement_candidates/cardboard/TN_cardboard_164.jpg,manual_review_then_add_to_train
cardboard,TrashNet,/Users/sylviachan/Desktop/機器學習/分組/Garbage-Classification-System/data/raw_data/Trashnet.zip,dataset-resized/cardboard/cardboard78.jpg,TN_cardboard_78.jpg,/Users/sylviachan/Desktop/機器學習/分組/Garbage-Classification-System/data/supplement_candidates/cardboard/TN_cardboard_78.jpg,manual_review_then_add_to_train
cardboard,TrashNet,/Users/sylviachan/Desktop/機器學習/分組/Garbage-Classification-System/data/raw_data/Trashnet.zip,dataset-resized/cardboard/cardboard371.jpg,TN_cardboard_371.jpg,/Users/sylviachan/Desktop/機器學習/分組/Garbage-Classification-System/data/supplement_candidates/cardboard/TN_cardboard_371.jpg,manual_review_then_add_to_train
cardboard,TrashNet,/Users/sylviachan/Desktop/機器學習/分組/Garbage-Classification-System/data/raw_data/Trashnet.zip,dataset-resized/cardboard/cardboard273.jpg,TN_cardboard_273.jpg,/Users/sylviachan/Desktop/機器學習/分組/Garbage-Classification-System/data/supplement_candidates/cardboard/TN_cardboard_273.jpg,manual_review_then_add_to_train
cardboard,TrashNet,/Users/sylviachan/Desktop/機器學習/分組/Garbage-Classification-System/data/raw_data/Trashnet.zip,dataset-resized/cardboard/cardboard385.jpg,TN_cardboard_385.jpg,/Users/sylviachan/Desktop/機器學習/分組/Garbage-Classification-System/data/supplement_candidates/cardboard/TN_cardboard_385.jpg,manual_review_then_add_to_train
cardboard,TrashNet,/Users/sylviachan/Desktop/機器學習/分組/Garbage-Classification-System/data/raw_data/Trashnet.zip,dataset-resized/cardboard/cardboard257.jpg,TN_cardboard_257.jpg,/Users/sylviachan/Desktop/機器學習/分組/Garbage-Classification-System/data/supplement_candidates/cardboard/TN_cardboard_257.jpg,manual_review_then_add_to_train
cardboard,TrashNet,/Users/sylviachan/Desktop/機器學習/分組/Garbage-Classification-System/data/raw_data/Trashnet.zip,dataset-resized/cardboard/cardboard30.jpg,TN_cardboard_30.jpg,/Users/sylviachan/Desktop/機器學習/分組/Garbage-Classification-System/data/supplement_candidates/cardboard/TN_cardboard_30.jpg,manual_review_then_add_to_train
cardboard,TrashNet,/Users/sylviachan/Desktop/機器學習/分組/Garbage-Classification-System/data/raw_data/Trashnet.zip,dataset-resized/cardboard/cardboard358.jpg,TN_cardboard_358.jpg,/Users/sylviachan/Desktop/機器學習/分組/Garbage-Classification-System/data/supplement_candidates/cardboard/TN_cardboard_358.jpg,manual_review_then_add_to_train
cardboard,TrashNet,/Users/sylviachan/Desktop/機器學習/分組/Garbage-Classification-System/data/raw_data/Trashnet.zip,dataset-resized/cardboard/cardboard202.jpg,TN_cardboard_202.jpg,/Users/sylviachan/Desktop/機器學習/分組/Garbage-Classification-System/data/supplement_candidates/cardboard/TN_cardboard_202.jpg,manual_review_then_add_to_train
cardboard,TrashNet,/Users/sylviachan/Desktop/機器學習/分組/Garbage-Classification-System/data/raw_data/Trashnet.zip,dataset-resized/cardboard/cardboard26.jpg,TN_cardboard_26.jpg,/Users/sylviachan/Desktop/機器學習/分組/Garbage-Classification-System/data/supplement_candidates/cardboard/TN_cardboard_26.jpg,manual_review_then_add_to_train
cardboard,TrashNet,/Users/sylviachan/Desktop/機器學習/分組/Garbage-Classification-System/data/raw_data/Trashnet.zip,dataset-resized/cardboard/cardboard351.jpg,TN_cardboard_351.jpg,/Users/sylviachan/Desktop/機器學習/分組/Garbage-Classification-System/data/supplement_candidates/cardboard/TN_cardboard_351.jpg,manual_review_then_add_to_train
cardboard,TrashNet,/Users/sylviachan/Desktop/機器學習/分組/Garbage-Classification-System/data/raw_data/Trashnet.zip,dataset-resized/cardboard/cardboard398.jpg,TN_cardboard_398.jpg,/Users/sylviachan/Desktop/機器學習/分組/Garbage-Classification-System/data/supplement_candidates/cardboard/TN_cardboard_398.jpg,manual_review_then_add_to_train
cardboard,TrashNet,/Users/sylviachan/Desktop/機器學習/分組/Garbage-Classification-System/data/raw_data/Trashnet.zip,dataset-resized/cardboard/cardboard77.jpg,TN_cardboard_77.jpg,/Users/sylviachan/Desktop/機器學習/分組/Garbage-Classification-System/data/supplement_candidates/cardboard/TN_cardboard_77.jpg,manual_review_then_add_to_train
cardboard,TrashNet,/Users/sylviachan/Desktop/機器學習/分組/Garbage-Classification-System/data/raw_data/Trashnet.zip,dataset-resized/cardboard/cardboard319.jpg,TN_cardboard_319.jpg,/Users/sylviachan/Desktop/機器學習/分組/Garbage-Classification-System/data/supplement_candidates/cardboard/TN_cardboard_319.jpg,manual_review_then_add_to_train
cardboard,TrashNet,/Users/sylviachan/Desktop/機器學習/分組/Garbage-Classification-System/data/raw_data/Trashnet.zip,dataset-resized/cardboard/cardboard301.jpg,TN_cardboard_301.jpg,/Users/sylviachan/Desktop/機器學習/分組/Garbage-Classification-System/data/supplement_candidates/cardboard/TN_cardboard_301.jpg,manual_review_then_add_to_train
cardboard,TrashNet,/Users/sylviachan/Desktop/機器學習/分組/Garbage-Classification-System/data/raw_data/Trashnet.zip,dataset-resized/cardboard/cardboard186.jpg,TN_cardboard_186.jpg,/Users/sylviachan/Desktop/機器學習/分組/Garbage-Classification-System/data/supplement_candidates/cardboard/TN_cardboard_186.jpg,manual_review_then_add_to_train
cardboard,TrashNet,/Users/sylviachan/Desktop/機器學習/分組/Garbage-Classification-System/data/raw_data/Trashnet.zip,dataset-resized/cardboard/cardboard50.jpg,TN_cardboard_50.jpg,/Users/sylviachan/Desktop/機器學習/分組/Garbage-Classification-System/data/supplement_candidates/cardboard/TN_cardboard_50.jpg,manual_review_then_add_to_train
cardboard,TrashNet,/Users/sylviachan/Desktop/機器學習/分組/Garbage-Classification-System/data/raw_data/Trashnet.zip,dataset-resized/cardboard/cardboard270.jpg,TN_cardboard_270.jpg,/Users/sylviachan/Desktop/機器學習/分組/Garbage-Classification-System/data/supplement_candidates/cardboard/TN_cardboard_270.jpg,manual_review_then_add_to_train
cardboard,TrashNet,/Users/sylviachan/Desktop/機器學習/分組/Garbage-Classification-System/data/raw_data/Trashnet.zip,dataset-resized/cardboard/cardboard187.jpg,TN_cardboard_187.jpg,/Users/sylviachan/Desktop/機器學習/分組/Garbage-Classification-System/data/supplement_candidates/cardboard/TN_cardboard_187.jpg,manual_review_then_add_to_train
cardboard,TrashNet,/Users/sylviachan/Desktop/機器學習/分組/Garbage-Classification-System/data/raw_data/Trashnet.zip,dataset-resized/cardboard/cardboard188.jpg,TN_cardboard_188.jpg,/Users/sylviachan/Desktop/機器學習/分組/Garbage-Classification-System/data/supplement_candidates/cardboard/TN_cardboard_188.jpg,manual_review_then_add_to_train
cardboard,TrashNet,/Users/sylviachan/Desktop/機器學習/分組/Garbage-Classification-System/data/raw_data/Trashnet.zip,dataset-resized/cardboard/cardboard342.jpg,TN_cardboard_342.jpg,/Users/sylviachan/Desktop/機器學習/分組/Garbage-Classification-System/data/supplement_candidates/cardboard/TN_cardboard_342.jpg,manual_review_then_add_to_train
cardboard,TrashNet,/Users/sylviachan/Desktop/機器學習/分組/Garbage-Classification-System/data/raw_data/Trashnet.zip,dataset-resized/cardboard/cardboard314.jpg,TN_cardboard_314.jpg,/Users/sylviachan/Desktop/機器學習/分組/Garbage-Classification-System/data/supplement_candidates/cardboard/TN_cardboard_314.jpg,manual_review_then_add_to_train
cardboard,TrashNet,/Users/sylviachan/Desktop/機器學習/分組/Garbage-Classification-System/data/raw_data/Trashnet.zip,dataset-resized/cardboard/cardboard316.jpg,TN_cardboard_316.jpg,/Users/sylviachan/Desktop/機器學習/分組/Garbage-Classification-System/data/supplement_candidates/cardboard/TN_cardboard_316.jpg,manual_review_then_add_to_train
cardboard,TrashNet,/Users/sylviachan/Desktop/機器學習/分組/Garbage-Classification-System/data/raw_data/Trashnet.zip,dataset-resized/cardboard/cardboard165.jpg,TN_cardboard_165.jpg,/Users/sylviachan/Desktop/機器學習/分組/Garbage-Classification-System/data/supplement_candidates/cardboard/TN_cardboard_165.jpg,manual_review_then_add_to_train
cardboard,TrashNet,/Users/sylviachan/Desktop/機器學習/分組/Garbage-Classification-System/data/raw_data/Trashnet.zip,dataset-resized/cardboard/cardboard147.jpg,TN_cardboard_147.jpg,/Users/sylviachan/Desktop/機器學習/分組/Garbage-Classification-System/data/supplement_candidates/cardboard/TN_cardboard_147.jpg,manual_review_then_add_to_train
cardboard,TrashNet,/Users/sylviachan/Desktop/機器學習/分組/Garbage-Classification-System/data/raw_data/Trashnet.zip,dataset-resized/cardboard/cardboard396.jpg,TN_cardboard_396.jpg,/Users/sylviachan/Desktop/機器學習/分組/Garbage-Classification-System/data/supplement_candidates/cardboard/TN_cardboard_396.jpg,manual_review_then_add_to_train
cardboard,TrashNet,/Users/sylviachan/Desktop/機器學習/分組/Garbage-Classification-System/data/raw_data/Trashnet.zip,dataset-resized/cardboard/cardboard170.jpg,TN_cardboard_170.jpg,/Users/sylviachan/Desktop/機器學習/分組/Garbage-Classification-System/data/supplement_candidates/cardboard/TN_cardboard_170.jpg,manual_review_then_add_to_train
cardboard,TrashNet,/Users/sylviachan/Desktop/機器學習/分組/Garbage-Classification-System/data/raw_data/Trashnet.zip,dataset-resized/cardboard/cardboard183.jpg,TN_cardboard_183.jpg,/Users/sylviachan/Desktop/機器學習/分組/Garbage-Classification-System/data/supplement_candidates/cardboard/TN_cardboard_183.jpg,manual_review_then_add_to_train
cardboard,TrashNet,/Users/sylviachan/Desktop/機器學習/分組/Garbage-Classification-System/data/raw_data/Trashnet.zip,dataset-resized/cardboard/cardboard306.jpg,TN_cardboard_306.jpg,/Users/sylviachan/Desktop/機器學習/分組/Garbage-Classification-System/data/supplement_candidates/cardboard/TN_cardboard_306.jpg,manual_review_then_add_to_train
cardboard,TrashNet,/Users/sylviachan/Desktop/機器學習/分組/Garbage-Classification-System/data/raw_data/Trashnet.zip,dataset-resized/cardboard/cardboard308.jpg,TN_cardboard_308.jpg,/Users/sylviachan/Desktop/機器學習/分組/Garbage-Classification-System/data/supplement_candidates/cardboard/TN_cardboard_308.jpg,manual_review_then_add_to_train
cardboard,TrashNet,/Users/sylviachan/Desktop/機器學習/分組/Garbage-Classification-System/data/raw_data/Trashnet.zip,dataset-resized/cardboard/cardboard153.jpg,TN_cardboard_153.jpg,/Users/sylviachan/Desktop/機器學習/分組/Garbage-Classification-System/data/supplement_candidates/cardboard/TN_cardboard_153.jpg,manual_review_then_add_to_train
cardboard,TrashNet,/Users/sylviachan/Desktop/機器學習/分組/Garbage-Classification-System/data/raw_data/Trashnet.zip,dataset-resized/cardboard/cardboard129.jpg,TN_cardboard_129.jpg,/Users/sylviachan/Desktop/機器學習/分組/Garbage-Classification-System/data/supplement_candidates/cardboard/TN_cardboard_129.jpg,manual_review_then_add_to_train
cardboard,TrashNet,/Users/sylviachan/Desktop/機器學習/分組/Garbage-Classification-System/data/raw_data/Trashnet.zip,dataset-resized/cardboard/cardboard35.jpg,TN_cardboard_35.jpg,/Users/sylviachan/Desktop/機器學習/分組/Garbage-Classification-System/data/supplement_candidates/cardboard/TN_cardboard_35.jpg,manual_review_then_add_to_train
cardboard,TrashNet,/Users/sylviachan/Desktop/機器學習/分組/Garbage-Classification-System/data/raw_data/Trashnet.zip,dataset-resized/cardboard/cardboard311.jpg,TN_cardboard_311.jpg,/Users/sylviachan/Desktop/機器學習/分組/Garbage-Classification-System/data/supplement_candidates/cardboard/TN_cardboard_311.jpg,manual_review_then_add_to_train
cardboard,TrashNet,/Users/sylviachan/Desktop/機器學習/分組/Garbage-Classification-System/data/raw_data/Trashnet.zip,dataset-resized/cardboard/cardboard299.jpg,TN_cardboard_299.jpg,/Users/sylviachan/Desktop/機器學習/分組/Garbage-Classification-System/data/supplement_candidates/cardboard/TN_cardboard_299.jpg,manual_review_then_add_to_train
cardboard,TrashNet,/Users/sylviachan/Desktop/機器學習/分組/Garbage-Classification-System/data/raw_data/Trashnet.zip,dataset-resized/cardboard/cardboard347.jpg,TN_cardboard_347.jpg,/Users/sylviachan/Desktop/機器學習/分組/Garbage-Classification-System/data/supplement_candidates/cardboard/TN_cardboard_347.jpg,manual_review_then_add_to_train
cardboard,TrashNet,/Users/sylviachan/Desktop/機器學習/分組/Garbage-Classification-System/data/raw_data/Trashnet.zip,dataset-resized/cardboard/cardboard128.jpg,TN_cardboard_128.jpg,/Users/sylviachan/Desktop/機器學習/分組/Garbage-Classification-System/data/supplement_candidates/cardboard/TN_cardboard_128.jpg,manual_review_then_add_to_train
cardboard,TrashNet,/Users/sylviachan/Desktop/機器學習/分組/Garbage-Classification-System/data/raw_data/Trashnet.zip,dataset-resized/cardboard/cardboard366.jpg,TN_cardboard_366.jpg,/Users/sylviachan/Desktop/機器學習/分組/Garbage-Classification-System/data/supplement_candidates/cardboard/TN_cardboard_366.jpg,manual_review_then_add_to_train
cardboard,TrashNet,/Users/sylviachan/Desktop/機器學習/分組/Garbage-Classification-System/data/raw_data/Trashnet.zip,dataset-resized/cardboard/cardboard372.jpg,TN_cardboard_372.jpg,/Users/sylviachan/Desktop/機器學習/分組/Garbage-Classification-System/data/supplement_candidates/cardboard/TN_cardboard_372.jpg,manual_review_then_add_to_train
cardboard,TrashNet,/Users/sylviachan/Desktop/機器學習/分組/Garbage-Classification-System/data/raw_data/Trashnet.zip,dataset-resized/cardboard/cardboard14.jpg,TN_cardboard_14.jpg,/Users/sylviachan/Desktop/機器學習/分組/Garbage-Classification-System/data/supplement_candidates/cardboard/TN_cardboard_14.jpg,manual_review_then_add_to_train
cardboard,TrashNet,/Users/sylviachan/Desktop/機器學習/分組/Garbage-Classification-System/data/raw_data/Trashnet.zip,dataset-resized/cardboard/cardboard275.jpg,TN_cardboard_275.jpg,/Users/sylviachan/Desktop/機器學習/分組/Garbage-Classification-System/data/supplement_candidates/cardboard/TN_cardboard_275.jpg,manual_review_then_add_to_train
cardboard,TrashNet,/Users/sylviachan/Desktop/機器學習/分組/Garbage-Classification-System/data/raw_data/Trashnet.zip,dataset-resized/cardboard/cardboard51.jpg,TN_cardboard_51.jpg,/Users/sylviachan/Desktop/機器學習/分組/Garbage-Classification-System/data/supplement_candidates/cardboard/TN_cardboard_51.jpg,manual_review_then_add_to_train
cardboard,TrashNet,/Users/sylviachan/Desktop/機器學習/分組/Garbage-Classification-System/data/raw_data/Trashnet.zip,dataset-resized/cardboard/cardboard241.jpg,TN_cardboard_241.jpg,/Users/sylviachan/Desktop/機器學習/分組/Garbage-Classification-System/data/supplement_candidates/cardboard/TN_cardboard_241.jpg,manual_review_then_add_to_train
cardboard,TrashNet,/Users/sylviachan/Desktop/機器學習/分組/Garbage-Classification-System/data/raw_data/Trashnet.zip,dataset-resized/cardboard/cardboard99.jpg,TN_cardboard_99.jpg,/Users/sylviachan/Desktop/機器學習/分組/Garbage-Classification-System/data/supplement_candidates/cardboard/TN_cardboard_99.jpg,manual_review_then_add_to_train
cardboard,TrashNet,/Users/sylviachan/Desktop/機器學習/分組/Garbage-Classification-System/data/raw_data/Trashnet.zip,dataset-resized/cardboard/cardboard172.jpg,TN_cardboard_172.jpg,/Users/sylviachan/Desktop/機器學習/分組/Garbage-Classification-System/data/supplement_candidates/cardboard/TN_cardboard_172.jpg,manual_review_then_add_to_train
cardboard,TrashNet,/Users/sylviachan/Desktop/機器學習/分組/Garbage-Classification-System/data/raw_data/Trashnet.zip,dataset-resized/cardboard/cardboard111.jpg,TN_cardboard_111.jpg,/Users/sylviachan/Desktop/機器學習/分組/Garbage-Classification-System/data/supplement_candidates/cardboard/TN_cardboard_111.jpg,manual_review_then_add_to_train
cardboard,TrashNet,/Users/sylviachan/Desktop/機器學習/分組/Garbage-Classification-System/data/raw_data/Trashnet.zip,dataset-resized/cardboard/cardboard34.jpg,TN_cardboard_34.jpg,/Users/sylviachan/Desktop/機器學習/分組/Garbage-Classification-System/data/supplement_candidates/cardboard/TN_cardboard_34.jpg,manual_review_then_add_to_train
cardboard,TrashNet,/Users/sylviachan/Desktop/機器學習/分組/Garbage-Classification-System/data/raw_data/Trashnet.zip,dataset-resized/cardboard/cardboard262.jpg,TN_cardboard_262.jpg,/Users/sylviachan/Desktop/機器學習/分組/Garbage-Classification-System/data/supplement_candidates/cardboard/TN_cardboard_262.jpg,manual_review_then_add_to_train
cardboard,TrashNet,/Users/sylviachan/Desktop/機器學習/分組/Garbage-Classification-System/data/raw_data/Trashnet.zip,dataset-resized/cardboard/cardboard178.jpg,TN_cardboard_178.jpg,/Users/sylviachan/Desktop/機器學習/分組/Garbage-Classification-System/data/supplement_candidates/cardboard/TN_cardboard_178.jpg,manual_review_then_add_to_train
cardboard,TrashNet,/Users/sylviachan/Desktop/機器學習/分組/Garbage-Classification-System/data/raw_data/Trashnet.zip,dataset-resized/cardboard/cardboard302.jpg,TN_cardboard_302.jpg,/Users/sylviachan/Desktop/機器學習/分組/Garbage-Classification-System/data/supplement_candidates/cardboard/TN_cardboard_302.jpg,manual_review_then_add_to_train
cardboard,TrashNet,/Users/sylviachan/Desktop/機器學習/分組/Garbage-Classification-System/data/raw_data/Trashnet.zip,dataset-resized/cardboard/cardboard272.jpg,TN_cardboard_272.jpg,/Users/sylviachan/Desktop/機器學習/分組/Garbage-Classification-System/data/supplement_candidates/cardboard/TN_cardboard_272.jpg,manual_review_then_add_to_train
cardboard,TrashNet,/Users/sylviachan/Desktop/機器學習/分組/Garbage-Classification-System/data/raw_data/Trashnet.zip,dataset-resized/cardboard/cardboard216.jpg,TN_cardboard_216.jpg,/Users/sylviachan/Desktop/機器學習/分組/Garbage-Classification-System/data/supplement_candidates/cardboard/TN_cardboard_216.jpg,manual_review_then_add_to_train
cardboard,TrashNet,/Users/sylviachan/Desktop/機器學習/分組/Garbage-Classification-System/data/raw_data/Trashnet.zip,dataset-resized/cardboard/cardboard307.jpg,TN_cardboard_307.jpg,/Users/sylviachan/Desktop/機器學習/分組/Garbage-Classification-System/data/supplement_candidates/cardboard/TN_cardboard_307.jpg,manual_review_then_add_to_train
cardboard,TrashNet,/Users/sylviachan/Desktop/機器學習/分組/Garbage-Classification-System/data/raw_data/Trashnet.zip,dataset-resized/cardboard/cardboard194.jpg,TN_cardboard_194.jpg,/Users/sylviachan/Desktop/機器學習/分組/Garbage-Classification-System/data/supplement_candidates/cardboard/TN_cardboard_194.jpg,manual_review_then_add_to_train
cardboard,TrashNet,/Users/sylviachan/Desktop/機器學習/分組/Garbage-Classification-System/data/raw_data/Trashnet.zip,dataset-resized/cardboard/cardboard189.jpg,TN_cardboard_189.jpg,/Users/sylviachan/Desktop/機器學習/分組/Garbage-Classification-System/data/supplement_candidates/cardboard/TN_cardboard_189.jpg,manual_review_then_add_to_train
cardboard,TrashNet,/Users/sylviachan/Desktop/機器學習/分組/Garbage-Classification-System/data/raw_data/Trashnet.zip,dataset-resized/cardboard/cardboard136.jpg,TN_cardboard_136.jpg,/Users/sylviachan/Desktop/機器學習/分組/Garbage-Classification-System/data/supplement_candidates/cardboard/TN_cardboard_136.jpg,manual_review_then_add_to_train
cardboard,TrashNet,/Users/sylviachan/Desktop/機器學習/分組/Garbage-Classification-System/data/raw_data/Trashnet.zip,dataset-resized/cardboard/cardboard401.jpg,TN_cardboard_401.jpg,/Users/sylviachan/Desktop/機器學習/分組/Garbage-Classification-System/data/supplement_candidates/cardboard/TN_cardboard_401.jpg,manual_review_then_add_to_train
cardboard,TrashNet,/Users/sylviachan/Desktop/機器學習/分組/Garbage-Classification-System/data/raw_data/Trashnet.zip,dataset-resized/cardboard/cardboard139.jpg,TN_cardboard_139.jpg,/Users/sylviachan/Desktop/機器學習/分組/Garbage-Classification-System/data/supplement_candidates/cardboard/TN_cardboard_139.jpg,manual_review_then_add_to_train
cardboard,TrashNet,/Users/sylviachan/Desktop/機器學習/分組/Garbage-Classification-System/data/raw_data/Trashnet.zip,dataset-resized/cardboard/cardboard53.jpg,TN_cardboard_53.jpg,/Users/sylviachan/Desktop/機器學習/分組/Garbage-Classification-System/data/supplement_candidates/cardboard/TN_cardboard_53.jpg,manual_review_then_add_to_train
cardboard,GD,/Users/sylviachan/Desktop/機器學習/分組/Garbage-Classification-System/data/raw_data/GD.zip,original/cardboard/cardboard_1072.jpg,GD_cardboard_1072.jpg,/Users/sylviachan/Desktop/機器學習/分組/Garbage-Classification-System/data/supplement_candidates/cardboard/GD_cardboard_1072.jpg,manual_review_then_add_to_train
cardboard,GD,/Users/sylviachan/Desktop/機器學習/分組/Garbage-Classification-System/data/raw_data/GD.zip,original/cardboard/cardboard_1085.jpg,GD_cardboard_1085.jpg,/Users/sylviachan/Desktop/機器學習/分組/Garbage-Classification-System/data/supplement_candidates/cardboard/GD_cardboard_1085.jpg,manual_review_then_add_to_train
cardboard,GD,/Users/sylviachan/Desktop/機器學習/分組/Garbage-Classification-System/data/raw_data/GD.zip,original/cardboard/cardboard_995.jpg,GD_cardboard_995.jpg,/Users/sylviachan/Desktop/機器學習/分組/Garbage-Classification-System/data/supplement_candidates/cardboard/GD_cardboard_995.jpg,manual_review_then_add_to_train
cardboard,GD,/Users/sylviachan/Desktop/機器學習/分組/Garbage-Classification-System/data/raw_data/GD.zip,original/cardboard/cardboard_859.jpg,GD_cardboard_859.jpg,/Users/sylviachan/Desktop/機器學習/分組/Garbage-Classification-System/data/supplement_candidates/cardboard/GD_cardboard_859.jpg,manual_review_then_add_to_train
cardboard,GD,/Users/sylviachan/Desktop/機器學習/分組/Garbage-Classification-System/data/raw_data/GD.zip,original/cardboard/cardboard_1347.jpg,GD_cardboard_1347.jpg,/Users/sylviachan/Desktop/機器學習/分組/Garbage-Classification-System/data/supplement_candidates/cardboard/GD_cardboard_1347.jpg,manual_review_then_add_to_train
cardboard,GD,/Users/sylviachan/Desktop/機器學習/分組/Garbage-Classification-System/data/raw_data/GD.zip,original/cardboard/cardboard_1270.jpg,GD_cardboard_1270.jpg,/Users/sylviachan/Desktop/機器學習/分組/Garbage-Classification-System/data/supplement_candidates/cardboard/GD_cardboard_1270.jpg,manual_review_then_add_to_train
cardboard,GD,/Users/sylviachan/Desktop/機器學習/分組/Garbage-Classification-System/data/raw_data/GD.zip,original/cardboard/cardboard_862.jpg,GD_cardboard_862.jpg,/Users/sylviachan/Desktop/機器學習/分組/Garbage-Classification-System/data/supplement_candidates/cardboard/GD_cardboard_862.jpg,manual_review_then_add_to_train
cardboard,GD,/Users/sylviachan/Desktop/機器學習/分組/Garbage-Classification-System/data/raw_data/GD.zip,original/cardboard/cardboard_1223.jpg,GD_cardboard_1223.jpg,/Users/sylviachan/Desktop/機器學習/分組/Garbage-Classification-System/data/supplement_candidates/cardboard/GD_cardboard_1223.jpg,manual_review_then_add_to_train
cardboard,GD,/Users/sylviachan/Desktop/機器學習/分組/Garbage-Classification-System/data/raw_data/GD.zip,original/cardboard/cardboard_947.jpg,GD_cardboard_947.jpg,/Users/sylviachan/Desktop/機器學習/分組/Garbage-Classification-System/data/supplement_candidates/cardboard/GD_cardboard_947.jpg,manual_review_then_add_to_train
cardboard,GD,/Users/sylviachan/Desktop/機器學習/分組/Garbage-Classification-System/data/raw_data/GD.zip,original/cardboard/cardboard_1228.jpg,GD_cardboard_1228.jpg,/Users/sylviachan/Desktop/機器學習/分組/Garbage-Classification-System/data/supplement_candidates/cardboard/GD_cardboard_1228.jpg,manual_review_then_add_to_train
cardboard,GD,/Users/sylviachan/Desktop/機器學習/分組/Garbage-Classification-System/data/raw_data/GD.zip,original/cardboard/cardboard_1081.jpg,GD_cardboard_1081.jpg,/Users/sylviachan/Desktop/機器學習/分組/Garbage-Classification-System/data/supplement_candidates/cardboard/GD_cardboard_1081.jpg,manual_review_then_add_to_train
cardboard,GD,/Users/sylviachan/Desktop/機器學習/分組/Garbage-Classification-System/data/raw_data/GD.zip,original/cardboard/cardboard_1267.jpg,GD_cardboard_1267.jpg,/Users/sylviachan/Desktop/機器學習/分組/Garbage-Classification-System/data/supplement_candidates/cardboard/GD_cardboard_1267.jpg,manual_review_then_add_to_train
cardboard,GD,/Users/sylviachan/Desktop/機器學習/分組/Garbage-Classification-System/data/raw_data/GD.zip,original/cardboard/cardboard_1091.jpg,GD_cardboard_1091.jpg,/Users/sylviachan/Desktop/機器學習/分組/Garbage-Classification-System/data/supplement_candidates/cardboard/GD_cardboard_1091.jpg,manual_review_then_add_to_train
cardboard,GD,/Users/sylviachan/Desktop/機器學習/分組/Garbage-Classification-System/data/raw_data/GD.zip,original/cardboard/cardboard_1006.jpg,GD_cardboard_1006.jpg,/Users/sylviachan/Desktop/機器學習/分組/Garbage-Classification-System/data/supplement_candidates/cardboard/GD_cardboard_1006.jpg,manual_review_then_add_to_train
cardboard,GD,/Users/sylviachan/Desktop/機器學習/分組/Garbage-Classification-System/data/raw_data/GD.zip,original/cardboard/cardboard_884.jpg,GD_cardboard_884.jpg,/Users/sylviachan/Desktop/機器學習/分組/Garbage-Classification-System/data/supplement_candidates/cardboard/GD_cardboard_884.jpg,manual_review_then_add_to_train
cardboard,GD,/Users/sylviachan/Desktop/機器學習/分組/Garbage-Classification-System/data/raw_data/GD.zip,original/cardboard/cardboard_903.jpg,GD_cardboard_903.jpg,/Users/sylviachan/Desktop/機器學習/分組/Garbage-Classification-System/data/supplement_candidates/cardboard/GD_cardboard_903.jpg,manual_review_then_add_to_train
cardboard,GD,/Users/sylviachan/Desktop/機器學習/分組/Garbage-Classification-System/data/raw_data/GD.zip,original/cardboard/cardboard_1168.jpg,GD_cardboard_1168.jpg,/Users/sylviachan/Desktop/機器學習/分組/Garbage-Classification-System/data/supplement_candidates/cardboard/GD_cardboard_1168.jpg,manual_review_then_add_to_train
cardboard,GD,/Users/sylviachan/Desktop/機器學習/分組/Garbage-Classification-System/data/raw_data/GD.zip,original/cardboard/cardboard_1011.jpg,GD_cardboard_1011.jpg,/Users/sylviachan/Desktop/機器學習/分組/Garbage-Classification-System/data/supplement_candidates/cardboard/GD_cardboard_1011.jpg,manual_review_then_add_to_train
cardboard,GD,/Users/sylviachan/Desktop/機器學習/分組/Garbage-Classification-System/data/raw_data/GD.zip,original/cardboard/cardboard_1123.jpg,GD_cardboard_1123.jpg,/Users/sylviachan/Desktop/機器學習/分組/Garbage-Classification-System/data/supplement_candidates/cardboard/GD_cardboard_1123.jpg,manual_review_then_add_to_train
cardboard,GD,/Users/sylviachan/Desktop/機器學習/分組/Garbage-Classification-System/data/raw_data/GD.zip,original/cardboard/cardboard_1200.jpg,GD_cardboard_1200.jpg,/Users/sylviachan/Desktop/機器學習/分組/Garbage-Classification-System/data/supplement_candidates/cardboard/GD_cardboard_1200.jpg,manual_review_then_add_to_train
cardboard,GD,/Users/sylviachan/Desktop/機器學習/分組/Garbage-Classification-System/data/raw_data/GD.zip,original/cardboard/cardboard_1027.jpg,GD_cardboard_1027.jpg,/Users/sylviachan/Desktop/機器學習/分組/Garbage-Classification-System/data/supplement_candidates/cardboard/GD_cardboard_1027.jpg,manual_review_then_add_to_train
cardboard,GD,/Users/sylviachan/Desktop/機器學習/分組/Garbage-Classification-System/data/raw_data/GD.zip,original/cardboard/cardboard_1380.jpg,GD_cardboard_1380.jpg,/Users/sylviachan/Desktop/機器學習/分組/Garbage-Classification-System/data/supplement_candidates/cardboard/GD_cardboard_1380.jpg,manual_review_then_add_to_train
cardboard,GD,/Users/sylviachan/Desktop/機器學習/分組/Garbage-Classification-System/data/raw_data/GD.zip,original/cardboard/cardboard_1318.jpg,GD_cardboard_1318.jpg,/Users/sylviachan/Desktop/機器學習/分組/Garbage-Classification-System/data/supplement_candidates/cardboard/GD_cardboard_1318.jpg,manual_review_then_add_to_train
cardboard,GD,/Users/sylviachan/Desktop/機器學習/分組/Garbage-Classification-System/data/raw_data/GD.zip,original/cardboard/cardboard_943.jpg,GD_cardboard_943.jpg,/Users/sylviachan/Desktop/機器學習/分組/Garbage-Classification-System/data/supplement_candidates/cardboard/GD_cardboard_943.jpg,manual_review_then_add_to_train
cardboard,GD,/Users/sylviachan/Desktop/機器學習/分組/Garbage-Classification-System/data/raw_data/GD.zip,original/cardboard/cardboard_1341.jpg,GD_cardboard_1341.jpg,/Users/sylviachan/Desktop/機器學習/分組/Garbage-Classification-System/data/supplement_candidates/cardboard/GD_cardboard_1341.jpg,manual_review_then_add_to_train
cardboard,GD,/Users/sylviachan/Desktop/機器學習/分組/Garbage-Classification-System/data/raw_data/GD.zip,original/cardboard/cardboard_1112.jpg,GD_cardboard_1112.jpg,/Users/sylviachan/Desktop/機器學習/分組/Garbage-Classification-System/data/supplement_candidates/cardboard/GD_cardboard_1112.jpg,manual_review_then_add_to_train
cardboard,GD,/Users/sylviachan/Desktop/機器學習/分組/Garbage-Classification-System/data/raw_data/GD.zip,original/cardboard/cardboard_1184.jpg,GD_cardboard_1184.jpg,/Users/sylviachan/Desktop/機器學習/分組/Garbage-Classification-System/data/supplement_candidates/cardboard/GD_cardboard_1184.jpg,manual_review_then_add_to_train
cardboard,GD,/Users/sylviachan/Desktop/機器學習/分組/Garbage-Classification-System/data/raw_data/GD.zip,original/cardboard/cardboard_1174.jpg,GD_cardboard_1174.jpg,/Users/sylviachan/Desktop/機器學習/分組/Garbage-Classification-System/data/supplement_candidates/cardboard/GD_cardboard_1174.jpg,manual_review_then_add_to_train
cardboard,GD,/Users/sylviachan/Desktop/機器學習/分組/Garbage-Classification-System/data/raw_data/GD.zip,original/cardboard/cardboard_1216.jpg,GD_cardboard_1216.jpg,/Users/sylviachan/Desktop/機器學習/分組/Garbage-Classification-System/data/supplement_candidates/cardboard/GD_cardboard_1216.jpg,manual_review_then_add_to_train
cardboard,GD,/Users/sylviachan/Desktop/機器學習/分組/Garbage-Classification-System/data/raw_data/GD.zip,original/cardboard/cardboard_1224.jpg,GD_cardboard_1224.jpg,/Users/sylviachan/Desktop/機器學習/分組/Garbage-Classification-System/data/supplement_candidates/cardboard/GD_cardboard_1224.jpg,manual_review_then_add_to_train
cardboard,GD,/Users/sylviachan/Desktop/機器學習/分組/Garbage-Classification-System/data/raw_data/GD.zip,original/cardboard/cardboard_950.jpg,GD_cardboard_950.jpg,/Users/sylviachan/Desktop/機器學習/分組/Garbage-Classification-System/data/supplement_candidates/cardboard/GD_cardboard_950.jpg,manual_review_then_add_to_train
cardboard,GD,/Users/sylviachan/Desktop/機器學習/分組/Garbage-Classification-System/data/raw_data/GD.zip,original/cardboard/cardboard_893.jpg,GD_cardboard_893.jpg,/Users/sylviachan/Desktop/機器學習/分組/Garbage-Classification-System/data/supplement_candidates/cardboard/GD_cardboard_893.jpg,manual_review_then_add_to_train
cardboard,GD,/Users/sylviachan/Desktop/機器學習/分組/Garbage-Classification-System/data/raw_data/GD.zip,original/cardboard/cardboard_1151.jpg,GD_cardboard_1151.jpg,/Users/sylviachan/Desktop/機器學習/分組/Garbage-Classification-System/data/supplement_candidates/cardboard/GD_cardboard_1151.jpg,manual_review_then_add_to_train
cardboard,GD,/Users/sylviachan/Desktop/機器學習/分組/Garbage-Classification-System/data/raw_data/GD.zip,original/cardboard/cardboard_1368.jpg,GD_cardboard_1368.jpg,/Users/sylviachan/Desktop/機器學習/分組/Garbage-Classification-System/data/supplement_candidates/cardboard/GD_cardboard_1368.jpg,manual_review_then_add_to_train
cardboard,GD,/Users/sylviachan/Desktop/機器學習/分組/Garbage-Classification-System/data/raw_data/GD.zip,original/cardboard/cardboard_1377.jpg,GD_cardboard_1377.jpg,/Users/sylviachan/Desktop/機器學習/分組/Garbage-Classification-System/data/supplement_candidates/cardboard/GD_cardboard_1377.jpg,manual_review_then_add_to_train
cardboard,GD,/Users/sylviachan/Desktop/機器學習/分組/Garbage-Classification-System/data/raw_data/GD.zip,original/cardboard/cardboard_878.jpg,GD_cardboard_878.jpg,/Users/sylviachan/Desktop/機器學習/分組/Garbage-Classification-System/data/supplement_candidates/cardboard/GD_cardboard_878.jpg,manual_review_then_add_to_train
cardboard,GD,/Users/sylviachan/Desktop/機器學習/分組/Garbage-Classification-System/data/raw_data/GD.zip,original/cardboard/cardboard_1307.jpg,GD_cardboard_1307.jpg,/Users/sylviachan/Desktop/機器學習/分組/Garbage-Classification-System/data/supplement_candidates/cardboard/GD_cardboard_1307.jpg,manual_review_then_add_to_train
cardboard,GD,/Users/sylviachan/Desktop/機器學習/分組/Garbage-Classification-System/data/raw_data/GD.zip,original/cardboard/cardboard_1237.jpg,GD_cardboard_1237.jpg,/Users/sylviachan/Desktop/機器學習/分組/Garbage-Classification-System/data/supplement_candidates/cardboard/GD_cardboard_1237.jpg,manual_review_then_add_to_train
cardboard,GD,/Users/sylviachan/Desktop/機器學習/分組/Garbage-Classification-System/data/raw_data/GD.zip,original/cardboard/cardboard_841.jpg,GD_cardboard_841.jpg,/Users/sylviachan/Desktop/機器學習/分組/Garbage-Classification-System/data/supplement_candidates/cardboard/GD_cardboard_841.jpg,manual_review_then_add_to_train
cardboard,GD,/Users/sylviachan/Desktop/機器學習/分組/Garbage-Classification-System/data/raw_data/GD.zip,original/cardboard/cardboard_1251.jpg,GD_cardboard_1251.jpg,/Users/sylviachan/Desktop/機器學習/分組/Garbage-Classification-System/data/supplement_candidates/cardboard/GD_cardboard_1251.jpg,manual_review_then_add_to_train
cardboard,GD,/Users/sylviachan/Desktop/機器學習/分組/Garbage-Classification-System/data/raw_data/GD.zip,original/cardboard/cardboard_1359.jpg,GD_cardboard_1359.jpg,/Users/sylviachan/Desktop/機器學習/分組/Garbage-Classification-System/data/supplement_candidates/cardboard/GD_cardboard_1359.jpg,manual_review_then_add_to_train
cardboard,GD,/Users/sylviachan/Desktop/機器學習/分組/Garbage-Classification-System/data/raw_data/GD.zip,original/cardboard/cardboard_1248.jpg,GD_cardboard_1248.jpg,/Users/sylviachan/Desktop/機器學習/分組/Garbage-Classification-System/data/supplement_candidates/cardboard/GD_cardboard_1248.jpg,manual_review_then_add_to_train
cardboard,GD,/Users/sylviachan/Desktop/機器學習/分組/Garbage-Classification-System/data/raw_data/GD.zip,original/cardboard/cardboard_1236.jpg,GD_cardboard_1236.jpg,/Users/sylviachan/Desktop/機器學習/分組/Garbage-Classification-System/data/supplement_candidates/cardboard/GD_cardboard_1236.jpg,manual_review_then_add_to_train
cardboard,GD,/Users/sylviachan/Desktop/機器學習/分組/Garbage-Classification-System/data/raw_data/GD.zip,original/cardboard/cardboard_1127.jpg,GD_cardboard_1127.jpg,/Users/sylviachan/Desktop/機器學習/分組/Garbage-Classification-System/data/supplement_candidates/cardboard/GD_cardboard_1127.jpg,manual_review_then_add_to_train
cardboard,GD,/Users/sylviachan/Desktop/機器學習/分組/Garbage-Classification-System/data/raw_data/GD.zip,original/cardboard/cardboard_1032.jpg,GD_cardboard_1032.jpg,/Users/sylviachan/Desktop/機器學習/分組/Garbage-Classification-System/data/supplement_candidates/cardboard/GD_cardboard_1032.jpg,manual_review_then_add_to_train
cardboard,GD,/Users/sylviachan/Desktop/機器學習/分組/Garbage-Classification-System/data/raw_data/GD.zip,original/cardboard/cardboard_1064.jpg,GD_cardboard_1064.jpg,/Users/sylviachan/Desktop/機器學習/分組/Garbage-Classification-System/data/supplement_candidates/cardboard/GD_cardboard_1064.jpg,manual_review_then_add_to_train
cardboard,GD,/Users/sylviachan/Desktop/機器學習/分組/Garbage-Classification-System/data/raw_data/GD.zip,original/cardboard/cardboard_1189.jpg,GD_cardboard_1189.jpg,/Users/sylviachan/Desktop/機器學習/分組/Garbage-Classification-System/data/supplement_candidates/cardboard/GD_cardboard_1189.jpg,manual_review_then_add_to_train
cardboard,GD,/Users/sylviachan/Desktop/機器學習/分組/Garbage-Classification-System/data/raw_data/GD.zip,original/cardboard/cardboard_1405.jpg,GD_cardboard_1405.jpg,/Users/sylviachan/Desktop/機器學習/分組/Garbage-Classification-System/data/supplement_candidates/cardboard/GD_cardboard_1405.jpg,manual_review_then_add_to_train
cardboard,GD,/Users/sylviachan/Desktop/機器學習/分組/Garbage-Classification-System/data/raw_data/GD.zip,original/cardboard/cardboard_1179.jpg,GD_cardboard_1179.jpg,/Users/sylviachan/Desktop/機器學習/分組/Garbage-Classification-System/data/supplement_candidates/cardboard/GD_cardboard_1179.jpg,manual_review_then_add_to_train
cardboard,GD,/Users/sylviachan/Desktop/機器學習/分組/Garbage-Classification-System/data/raw_data/GD.zip,original/cardboard/cardboard_1290.jpg,GD_cardboard_1290.jpg,/Users/sylviachan/Desktop/機器學習/分組/Garbage-Classification-System/data/supplement_candidates/cardboard/GD_cardboard_1290.jpg,manual_review_then_add_to_train
cardboard,GD,/Users/sylviachan/Desktop/機器學習/分組/Garbage-Classification-System/data/raw_data/GD.zip,original/cardboard/cardboard_1136.jpg,GD_cardboard_1136.jpg,/Users/sylviachan/Desktop/機器學習/分組/Garbage-Classification-System/data/supplement_candidates/cardboard/GD_cardboard_1136.jpg,manual_review_then_add_to_train
cardboard,GD,/Users/sylviachan/Desktop/機器學習/分組/Garbage-Classification-System/data/raw_data/GD.zip,original/cardboard/cardboard_850.jpg,GD_cardboard_850.jpg,/Users/sylviachan/Desktop/機器學習/分組/Garbage-Classification-System/data/supplement_candidates/cardboard/GD_cardboard_850.jpg,manual_review_then_add_to_train
cardboard,GD,/Users/sylviachan/Desktop/機器學習/分組/Garbage-Classification-System/data/raw_data/GD.zip,original/cardboard/cardboard_980.jpg,GD_cardboard_980.jpg,/Users/sylviachan/Desktop/機器學習/分組/Garbage-Classification-System/data/supplement_candidates/cardboard/GD_cardboard_980.jpg,manual_review_then_add_to_train
cardboard,GD,/Users/sylviachan/Desktop/機器學習/分組/Garbage-Classification-System/data/raw_data/GD.zip,original/cardboard/cardboard_1370.jpg,GD_cardboard_1370.jpg,/Users/sylviachan/Desktop/機器學習/分組/Garbage-Classification-System/data/supplement_candidates/cardboard/GD_cardboard_1370.jpg,manual_review_then_add_to_train
cardboard,GD,/Users/sylviachan/Desktop/機器學習/分組/Garbage-Classification-System/data/raw_data/GD.zip,original/cardboard/cardboard_1332.jpg,GD_cardboard_1332.jpg,/Users/sylviachan/Desktop/機器學習/分組/Garbage-Classification-System/data/supplement_candidates/cardboard/GD_cardboard_1332.jpg,manual_review_then_add_to_train
cardboard,GD,/Users/sylviachan/Desktop/機器學習/分組/Garbage-Classification-System/data/raw_data/GD.zip,original/cardboard/cardboard_1284.jpg,GD_cardboard_1284.jpg,/Users/sylviachan/Desktop/機器學習/分組/Garbage-Classification-System/data/supplement_candidates/cardboard/GD_cardboard_1284.jpg,manual_review_then_add_to_train
cardboard,GD,/Users/sylviachan/Desktop/機器學習/分組/Garbage-Classification-System/data/raw_data/GD.zip,original/cardboard/cardboard_1190.jpg,GD_cardboard_1190.jpg,/Users/sylviachan/Desktop/機器學習/分組/Garbage-Classification-System/data/supplement_candidates/cardboard/GD_cardboard_1190.jpg,manual_review_then_add_to_train
cardboard,GD,/Users/sylviachan/Desktop/機器學習/分組/Garbage-Classification-System/data/raw_data/GD.zip,original/cardboard/cardboard_1324.jpg,GD_cardboard_1324.jpg,/Users/sylviachan/Desktop/機器學習/分組/Garbage-Classification-System/data/supplement_candidates/cardboard/GD_cardboard_1324.jpg,manual_review_then_add_to_train
cardboard,GD,/Users/sylviachan/Desktop/機器學習/分組/Garbage-Classification-System/data/raw_data/GD.zip,original/cardboard/cardboard_1043.jpg,GD_cardboard_1043.jpg,/Users/sylviachan/Desktop/機器學習/分組/Garbage-Classification-System/data/supplement_candidates/cardboard/GD_cardboard_1043.jpg,manual_review_then_add_to_train
cardboard,GD,/Users/sylviachan/Desktop/機器學習/分組/Garbage-Classification-System/data/raw_data/GD.zip,original/cardboard/cardboard_963.jpg,GD_cardboard_963.jpg,/Users/sylviachan/Desktop/機器學習/分組/Garbage-Classification-System/data/supplement_candidates/cardboard/GD_cardboard_963.jpg,manual_review_then_add_to_train
paper,TrashNet,/Users/sylviachan/Desktop/機器學習/分組/Garbage-Classification-System/data/raw_data/Trashnet.zip,dataset-resized/paper/paper222.jpg,TN_paper_222.jpg,/Users/sylviachan/Desktop/機器學習/分組/Garbage-Classification-System/data/supplement_candidates/paper/TN_paper_222.jpg,manual_review_then_add_to_train
paper,TrashNet,/Users/sylviachan/Desktop/機器學習/分組/Garbage-Classification-System/data/raw_data/Trashnet.zip,dataset-resized/paper/paper291.jpg,TN_paper_291.jpg,/Users/sylviachan/Desktop/機器學習/分組/Garbage-Classification-System/data/supplement_candidates/paper/TN_paper_291.jpg,manual_review_then_add_to_train
paper,TrashNet,/Users/sylviachan/Desktop/機器學習/分組/Garbage-Classification-System/data/raw_data/Trashnet.zip,dataset-resized/paper/paper480.jpg,TN_paper_480.jpg,/Users/sylviachan/Desktop/機器學習/分組/Garbage-Classification-System/data/supplement_candidates/paper/TN_paper_480.jpg,manual_review_then_add_to_train
paper,TrashNet,/Users/sylviachan/Desktop/機器學習/分組/Garbage-Classification-System/data/raw_data/Trashnet.zip,dataset-resized/paper/paper479.jpg,TN_paper_479.jpg,/Users/sylviachan/Desktop/機器學習/分組/Garbage-Classification-System/data/supplement_candidates/paper/TN_paper_479.jpg,manual_review_then_add_to_train
paper,TrashNet,/Users/sylviachan/Desktop/機器學習/分組/Garbage-Classification-System/data/raw_data/Trashnet.zip,dataset-resized/paper/paper341.jpg,TN_paper_341.jpg,/Users/sylviachan/Desktop/機器學習/分組/Garbage-Classification-System/data/supplement_candidates/paper/TN_paper_341.jpg,manual_review_then_add_to_train
paper,TrashNet,/Users/sylviachan/Desktop/機器學習/分組/Garbage-Classification-System/data/raw_data/Trashnet.zip,dataset-resized/paper/paper161.jpg,TN_paper_161.jpg,/Users/sylviachan/Desktop/機器學習/分組/Garbage-Classification-System/data/supplement_candidates/paper/TN_paper_161.jpg,manual_review_then_add_to_train
paper,TrashNet,/Users/sylviachan/Desktop/機器學習/分組/Garbage-Classification-System/data/raw_data/Trashnet.zip,dataset-resized/paper/paper103.jpg,TN_paper_103.jpg,/Users/sylviachan/Desktop/機器學習/分組/Garbage-Classification-System/data/supplement_candidates/paper/TN_paper_103.jpg,manual_review_then_add_to_train
paper,TrashNet,/Users/sylviachan/Desktop/機器學習/分組/Garbage-Classification-System/data/raw_data/Trashnet.zip,dataset-resized/paper/paper176.jpg,TN_paper_176.jpg,/Users/sylviachan/Desktop/機器學習/分組/Garbage-Classification-System/data/supplement_candidates/paper/TN_paper_176.jpg,manual_review_then_add_to_train
paper,TrashNet,/Users/sylviachan/Desktop/機器學習/分組/Garbage-Classification-System/data/raw_data/Trashnet.zip,dataset-resized/paper/paper346.jpg,TN_paper_346.jpg,/Users/sylviachan/Desktop/機器學習/分組/Garbage-Classification-System/data/supplement_candidates/paper/TN_paper_346.jpg,manual_review_then_add_to_train
paper,TrashNet,/Users/sylviachan/Desktop/機器學習/分組/Garbage-Classification-System/data/raw_data/Trashnet.zip,dataset-resized/paper/paper478.jpg,TN_paper_478.jpg,/Users/sylviachan/Desktop/機器學習/分組/Garbage-Classification-System/data/supplement_candidates/paper/TN_paper_478.jpg,manual_review_then_add_to_train
paper,TrashNet,/Users/sylviachan/Desktop/機器學習/分組/Garbage-Classification-System/data/raw_data/Trashnet.zip,dataset-resized/paper/paper543.jpg,TN_paper_543.jpg,/Users/sylviachan/Desktop/機器學習/分組/Garbage-Classification-System/data/supplement_candidates/paper/TN_paper_543.jpg,manual_review_then_add_to_train
paper,TrashNet,/Users/sylviachan/Desktop/機器學習/分組/Garbage-Classification-System/data/raw_data/Trashnet.zip,dataset-resized/paper/paper133.jpg,TN_paper_133.jpg,/Users/sylviachan/Desktop/機器學習/分組/Garbage-Classification-System/data/supplement_candidates/paper/TN_paper_133.jpg,manual_review_then_add_to_train
paper,TrashNet,/Users/sylviachan/Desktop/機器學習/分組/Garbage-Classification-System/data/raw_data/Trashnet.zip,dataset-resized/paper/paper293.jpg,TN_paper_293.jpg,/Users/sylviachan/Desktop/機器學習/分組/Garbage-Classification-System/data/supplement_candidates/paper/TN_paper_293.jpg,manual_review_then_add_to_train
paper,TrashNet,/Users/sylviachan/Desktop/機器學習/分組/Garbage-Classification-System/data/raw_data/Trashnet.zip,dataset-resized/paper/paper232.jpg,TN_paper_232.jpg,/Users/sylviachan/Desktop/機器學習/分組/Garbage-Classification-System/data/supplement_candidates/paper/TN_paper_232.jpg,manual_review_then_add_to_train
paper,TrashNet,/Users/sylviachan/Desktop/機器學習/分組/Garbage-Classification-System/data/raw_data/Trashnet.zip,dataset-resized/paper/paper270.jpg,TN_paper_270.jpg,/Users/sylviachan/Desktop/機器學習/分組/Garbage-Classification-System/data/supplement_candidates/paper/TN_paper_270.jpg,manual_review_then_add_to_train
paper,TrashNet,/Users/sylviachan/Desktop/機器學習/分組/Garbage-Classification-System/data/raw_data/Trashnet.zip,dataset-resized/paper/paper412.jpg,TN_paper_412.jpg,/Users/sylviachan/Desktop/機器學習/分組/Garbage-Classification-System/data/supplement_candidates/paper/TN_paper_412.jpg,manual_review_then_add_to_train
paper,TrashNet,/Users/sylviachan/Desktop/機器學習/分組/Garbage-Classification-System/data/raw_data/Trashnet.zip,dataset-resized/paper/paper321.jpg,TN_paper_321.jpg,/Users/sylviachan/Desktop/機器學習/分組/Garbage-Classification-System/data/supplement_candidates/paper/TN_paper_321.jpg,manual_review_then_add_to_train
paper,TrashNet,/Users/sylviachan/Desktop/機器學習/分組/Garbage-Classification-System/data/raw_data/Trashnet.zip,dataset-resized/paper/paper449.jpg,TN_paper_449.jpg,/Users/sylviachan/Desktop/機器學習/分組/Garbage-Classification-System/data/supplement_candidates/paper/TN_paper_449.jpg,manual_review_then_add_to_train
paper,TrashNet,/Users/sylviachan/Desktop/機器學習/分組/Garbage-Classification-System/data/raw_data/Trashnet.zip,dataset-resized/paper/paper493.jpg,TN_paper_493.jpg,/Users/sylviachan/Desktop/機器學習/分組/Garbage-Classification-System/data/supplement_candidates/paper/TN_paper_493.jpg,manual_review_then_add_to_train
paper,TrashNet,/Users/sylviachan/Desktop/機器學習/分組/Garbage-Classification-System/data/raw_data/Trashnet.zip,dataset-resized/paper/paper300.jpg,TN_paper_300.jpg,/Users/sylviachan/Desktop/機器學習/分組/Garbage-Classification-System/data/supplement_candidates/paper/TN_paper_300.jpg,manual_review_then_add_to_train
paper,TrashNet,/Users/sylviachan/Desktop/機器學習/分組/Garbage-Classification-System/data/raw_data/Trashnet.zip,dataset-resized/paper/paper62.jpg,TN_paper_62.jpg,/Users/sylviachan/Desktop/機器學習/分組/Garbage-Classification-System/data/supplement_candidates/paper/TN_paper_62.jpg,manual_review_then_add_to_train
paper,TrashNet,/Users/sylviachan/Desktop/機器學習/分組/Garbage-Classification-System/data/raw_data/Trashnet.zip,dataset-resized/paper/paper536.jpg,TN_paper_536.jpg,/Users/sylviachan/Desktop/機器學習/分組/Garbage-Classification-System/data/supplement_candidates/paper/TN_paper_536.jpg,manual_review_then_add_to_train
paper,TrashNet,/Users/sylviachan/Desktop/機器學習/分組/Garbage-Classification-System/data/raw_data/Trashnet.zip,dataset-resized/paper/paper440.jpg,TN_paper_440.jpg,/Users/sylviachan/Desktop/機器學習/分組/Garbage-Classification-System/data/supplement_candidates/paper/TN_paper_440.jpg,manual_review_then_add_to_train
paper,TrashNet,/Users/sylviachan/Desktop/機器學習/分組/Garbage-Classification-System/data/raw_data/Trashnet.zip,dataset-resized/paper/paper272.jpg,TN_paper_272.jpg,/Users/sylviachan/Desktop/機器學習/分組/Garbage-Classification-System/data/supplement_candidates/paper/TN_paper_272.jpg,manual_review_then_add_to_train
paper,TrashNet,/Users/sylviachan/Desktop/機器學習/分組/Garbage-Classification-System/data/raw_data/Trashnet.zip,dataset-resized/paper/paper121.jpg,TN_paper_121.jpg,/Users/sylviachan/Desktop/機器學習/分組/Garbage-Classification-System/data/supplement_candidates/paper/TN_paper_121.jpg,manual_review_then_add_to_train
paper,TrashNet,/Users/sylviachan/Desktop/機器學習/分組/Garbage-Classification-System/data/raw_data/Trashnet.zip,dataset-resized/paper/paper495.jpg,TN_paper_495.jpg,/Users/sylviachan/Desktop/機器學習/分組/Garbage-Classification-System/data/supplement_candidates/paper/TN_paper_495.jpg,manual_review_then_add_to_train
paper,TrashNet,/Users/sylviachan/Desktop/機器學習/分組/Garbage-Classification-System/data/raw_data/Trashnet.zip,dataset-resized/paper/paper577.jpg,TN_paper_577.jpg,/Users/sylviachan/Desktop/機器學習/分組/Garbage-Classification-System/data/supplement_candidates/paper/TN_paper_577.jpg,manual_review_then_add_to_train
paper,TrashNet,/Users/sylviachan/Desktop/機器學習/分組/Garbage-Classification-System/data/raw_data/Trashnet.zip,dataset-resized/paper/paper328.jpg,TN_paper_328.jpg,/Users/sylviachan/Desktop/機器學習/分組/Garbage-Classification-System/data/supplement_candidates/paper/TN_paper_328.jpg,manual_review_then_add_to_train
paper,TrashNet,/Users/sylviachan/Desktop/機器學習/分組/Garbage-Classification-System/data/raw_data/Trashnet.zip,dataset-resized/paper/paper137.jpg,TN_paper_137.jpg,/Users/sylviachan/Desktop/機器學習/分組/Garbage-Classification-System/data/supplement_candidates/paper/TN_paper_137.jpg,manual_review_then_add_to_train
paper,TrashNet,/Users/sylviachan/Desktop/機器學習/分組/Garbage-Classification-System/data/raw_data/Trashnet.zip,dataset-resized/paper/paper452.jpg,TN_paper_452.jpg,/Users/sylviachan/Desktop/機器學習/分組/Garbage-Classification-System/data/supplement_candidates/paper/TN_paper_452.jpg,manual_review_then_add_to_train
paper,TrashNet,/Users/sylviachan/Desktop/機器學習/分組/Garbage-Classification-System/data/raw_data/Trashnet.zip,dataset-resized/paper/paper191.jpg,TN_paper_191.jpg,/Users/sylviachan/Desktop/機器學習/分組/Garbage-Classification-System/data/supplement_candidates/paper/TN_paper_191.jpg,manual_review_then_add_to_train
paper,TrashNet,/Users/sylviachan/Desktop/機器學習/分組/Garbage-Classification-System/data/raw_data/Trashnet.zip,dataset-resized/paper/paper146.jpg,TN_paper_146.jpg,/Users/sylviachan/Desktop/機器學習/分組/Garbage-Classification-System/data/supplement_candidates/paper/TN_paper_146.jpg,manual_review_then_add_to_train
paper,TrashNet,/Users/sylviachan/Desktop/機器學習/分組/Garbage-Classification-System/data/raw_data/Trashnet.zip,dataset-resized/paper/paper149.jpg,TN_paper_149.jpg,/Users/sylviachan/Desktop/機器學習/分組/Garbage-Classification-System/data/supplement_candidates/paper/TN_paper_149.jpg,manual_review_then_add_to_train
paper,TrashNet,/Users/sylviachan/Desktop/機器學習/分組/Garbage-Classification-System/data/raw_data/Trashnet.zip,dataset-resized/paper/paper181.jpg,TN_paper_181.jpg,/Users/sylviachan/Desktop/機器學習/分組/Garbage-Classification-System/data/supplement_candidates/paper/TN_paper_181.jpg,manual_review_then_add_to_train
paper,TrashNet,/Users/sylviachan/Desktop/機器學習/分組/Garbage-Classification-System/data/raw_data/Trashnet.zip,dataset-resized/paper/paper224.jpg,TN_paper_224.jpg,/Users/sylviachan/Desktop/機器學習/分組/Garbage-Classification-System/data/supplement_candidates/paper/TN_paper_224.jpg,manual_review_then_add_to_train
paper,TrashNet,/Users/sylviachan/Desktop/機器學習/分組/Garbage-Classification-System/data/raw_data/Trashnet.zip,dataset-resized/paper/paper310.jpg,TN_paper_310.jpg,/Users/sylviachan/Desktop/機器學習/分組/Garbage-Classification-System/data/supplement_candidates/paper/TN_paper_310.jpg,manual_review_then_add_to_train
paper,TrashNet,/Users/sylviachan/Desktop/機器學習/分組/Garbage-Classification-System/data/raw_data/Trashnet.zip,dataset-resized/paper/paper570.jpg,TN_paper_570.jpg,/Users/sylviachan/Desktop/機器學習/分組/Garbage-Classification-System/data/supplement_candidates/paper/TN_paper_570.jpg,manual_review_then_add_to_train
paper,TrashNet,/Users/sylviachan/Desktop/機器學習/分組/Garbage-Classification-System/data/raw_data/Trashnet.zip,dataset-resized/paper/paper212.jpg,TN_paper_212.jpg,/Users/sylviachan/Desktop/機器學習/分組/Garbage-Classification-System/data/supplement_candidates/paper/TN_paper_212.jpg,manual_review_then_add_to_train
paper,TrashNet,/Users/sylviachan/Desktop/機器學習/分組/Garbage-Classification-System/data/raw_data/Trashnet.zip,dataset-resized/paper/paper276.jpg,TN_paper_276.jpg,/Users/sylviachan/Desktop/機器學習/分組/Garbage-Classification-System/data/supplement_candidates/paper/TN_paper_276.jpg,manual_review_then_add_to_train
paper,TrashNet,/Users/sylviachan/Desktop/機器學習/分組/Garbage-Classification-System/data/raw_data/Trashnet.zip,dataset-resized/paper/paper99.jpg,TN_paper_99.jpg,/Users/sylviachan/Desktop/機器學習/分組/Garbage-Classification-System/data/supplement_candidates/paper/TN_paper_99.jpg,manual_review_then_add_to_train
paper,TrashNet,/Users/sylviachan/Desktop/機器學習/分組/Garbage-Classification-System/data/raw_data/Trashnet.zip,dataset-resized/paper/paper582.jpg,TN_paper_582.jpg,/Users/sylviachan/Desktop/機器學習/分組/Garbage-Classification-System/data/supplement_candidates/paper/TN_paper_582.jpg,manual_review_then_add_to_train
paper,TrashNet,/Users/sylviachan/Desktop/機器學習/分組/Garbage-Classification-System/data/raw_data/Trashnet.zip,dataset-resized/paper/paper306.jpg,TN_paper_306.jpg,/Users/sylviachan/Desktop/機器學習/分組/Garbage-Classification-System/data/supplement_candidates/paper/TN_paper_306.jpg,manual_review_then_add_to_train
paper,TrashNet,/Users/sylviachan/Desktop/機器學習/分組/Garbage-Classification-System/data/raw_data/Trashnet.zip,dataset-resized/paper/paper223.jpg,TN_paper_223.jpg,/Users/sylviachan/Desktop/機器學習/分組/Garbage-Classification-System/data/supplement_candidates/paper/TN_paper_223.jpg,manual_review_then_add_to_train
paper,TrashNet,/Users/sylviachan/Desktop/機器學習/分組/Garbage-Classification-System/data/raw_data/Trashnet.zip,dataset-resized/paper/paper526.jpg,TN_paper_526.jpg,/Users/sylviachan/Desktop/機器學習/分組/Garbage-Classification-System/data/supplement_candidates/paper/TN_paper_526.jpg,manual_review_then_add_to_train
paper,TrashNet,/Users/sylviachan/Desktop/機器學習/分組/Garbage-Classification-System/data/raw_data/Trashnet.zip,dataset-resized/paper/paper104.jpg,TN_paper_104.jpg,/Users/sylviachan/Desktop/機器學習/分組/Garbage-Classification-System/data/supplement_candidates/paper/TN_paper_104.jpg,manual_review_then_add_to_train
paper,TrashNet,/Users/sylviachan/Desktop/機器學習/分組/Garbage-Classification-System/data/raw_data/Trashnet.zip,dataset-resized/paper/paper233.jpg,TN_paper_233.jpg,/Users/sylviachan/Desktop/機器學習/分組/Garbage-Classification-System/data/supplement_candidates/paper/TN_paper_233.jpg,manual_review_then_add_to_train
paper,TrashNet,/Users/sylviachan/Desktop/機器學習/分組/Garbage-Classification-System/data/raw_data/Trashnet.zip,dataset-resized/paper/paper443.jpg,TN_paper_443.jpg,/Users/sylviachan/Desktop/機器學習/分組/Garbage-Classification-System/data/supplement_candidates/paper/TN_paper_443.jpg,manual_review_then_add_to_train
paper,TrashNet,/Users/sylviachan/Desktop/機器學習/分組/Garbage-Classification-System/data/raw_data/Trashnet.zip,dataset-resized/paper/paper529.jpg,TN_paper_529.jpg,/Users/sylviachan/Desktop/機器學習/分組/Garbage-Classification-System/data/supplement_candidates/paper/TN_paper_529.jpg,manual_review_then_add_to_train
paper,TrashNet,/Users/sylviachan/Desktop/機器學習/分組/Garbage-Classification-System/data/raw_data/Trashnet.zip,dataset-resized/paper/paper95.jpg,TN_paper_95.jpg,/Users/sylviachan/Desktop/機器學習/分組/Garbage-Classification-System/data/supplement_candidates/paper/TN_paper_95.jpg,manual_review_then_add_to_train
paper,TrashNet,/Users/sylviachan/Desktop/機器學習/分組/Garbage-Classification-System/data/raw_data/Trashnet.zip,dataset-resized/paper/paper382.jpg,TN_paper_382.jpg,/Users/sylviachan/Desktop/機器學習/分組/Garbage-Classification-System/data/supplement_candidates/paper/TN_paper_382.jpg,manual_review_then_add_to_train
paper,TrashNet,/Users/sylviachan/Desktop/機器學習/分組/Garbage-Classification-System/data/raw_data/Trashnet.zip,dataset-resized/paper/paper365.jpg,TN_paper_365.jpg,/Users/sylviachan/Desktop/機器學習/分組/Garbage-Classification-System/data/supplement_candidates/paper/TN_paper_365.jpg,manual_review_then_add_to_train
paper,TrashNet,/Users/sylviachan/Desktop/機器學習/分組/Garbage-Classification-System/data/raw_data/Trashnet.zip,dataset-resized/paper/paper419.jpg,TN_paper_419.jpg,/Users/sylviachan/Desktop/機器學習/分組/Garbage-Classification-System/data/supplement_candidates/paper/TN_paper_419.jpg,manual_review_then_add_to_train
paper,TrashNet,/Users/sylviachan/Desktop/機器學習/分組/Garbage-Classification-System/data/raw_data/Trashnet.zip,dataset-resized/paper/paper286.jpg,TN_paper_286.jpg,/Users/sylviachan/Desktop/機器學習/分組/Garbage-Classification-System/data/supplement_candidates/paper/TN_paper_286.jpg,manual_review_then_add_to_train
paper,TrashNet,/Users/sylviachan/Desktop/機器學習/分組/Garbage-Classification-System/data/raw_data/Trashnet.zip,dataset-resized/paper/paper22.jpg,TN_paper_22.jpg,/Users/sylviachan/Desktop/機器學習/分組/Garbage-Classification-System/data/supplement_candidates/paper/TN_paper_22.jpg,manual_review_then_add_to_train
paper,TrashNet,/Users/sylviachan/Desktop/機器學習/分組/Garbage-Classification-System/data/raw_data/Trashnet.zip,dataset-resized/paper/paper165.jpg,TN_paper_165.jpg,/Users/sylviachan/Desktop/機器學習/分組/Garbage-Classification-System/data/supplement_candidates/paper/TN_paper_165.jpg,manual_review_then_add_to_train
paper,TrashNet,/Users/sylviachan/Desktop/機器學習/分組/Garbage-Classification-System/data/raw_data/Trashnet.zip,dataset-resized/paper/paper468.jpg,TN_paper_468.jpg,/Users/sylviachan/Desktop/機器學習/分組/Garbage-Classification-System/data/supplement_candidates/paper/TN_paper_468.jpg,manual_review_then_add_to_train
paper,TrashNet,/Users/sylviachan/Desktop/機器學習/分組/Garbage-Classification-System/data/raw_data/Trashnet.zip,dataset-resized/paper/paper488.jpg,TN_paper_488.jpg,/Users/sylviachan/Desktop/機器學習/分組/Garbage-Classification-System/data/supplement_candidates/paper/TN_paper_488.jpg,manual_review_then_add_to_train
paper,TrashNet,/Users/sylviachan/Desktop/機器學習/分組/Garbage-Classification-System/data/raw_data/Trashnet.zip,dataset-resized/paper/paper402.jpg,TN_paper_402.jpg,/Users/sylviachan/Desktop/機器學習/分組/Garbage-Classification-System/data/supplement_candidates/paper/TN_paper_402.jpg,manual_review_then_add_to_train
paper,TrashNet,/Users/sylviachan/Desktop/機器學習/分組/Garbage-Classification-System/data/raw_data/Trashnet.zip,dataset-resized/paper/paper190.jpg,TN_paper_190.jpg,/Users/sylviachan/Desktop/機器學習/分組/Garbage-Classification-System/data/supplement_candidates/paper/TN_paper_190.jpg,manual_review_then_add_to_train
paper,TrashNet,/Users/sylviachan/Desktop/機器學習/分組/Garbage-Classification-System/data/raw_data/Trashnet.zip,dataset-resized/paper/paper160.jpg,TN_paper_160.jpg,/Users/sylviachan/Desktop/機器學習/分組/Garbage-Classification-System/data/supplement_candidates/paper/TN_paper_160.jpg,manual_review_then_add_to_train
paper,GD,/Users/sylviachan/Desktop/機器學習/分組/Garbage-Classification-System/data/raw_data/GD.zip,original/paper/paper_1147.jpg,GD_paper_1147.jpg,/Users/sylviachan/Desktop/機器學習/分組/Garbage-Classification-System/data/supplement_candidates/paper/GD_paper_1147.jpg,manual_review_then_add_to_train
paper,GD,/Users/sylviachan/Desktop/機器學習/分組/Garbage-Classification-System/data/raw_data/GD.zip,original/paper/paper_1193.jpg,GD_paper_1193.jpg,/Users/sylviachan/Desktop/機器學習/分組/Garbage-Classification-System/data/supplement_candidates/paper/GD_paper_1193.jpg,manual_review_then_add_to_train
paper,GD,/Users/sylviachan/Desktop/機器學習/分組/Garbage-Classification-System/data/raw_data/GD.zip,original/paper/paper_1039.jpg,GD_paper_1039.jpg,/Users/sylviachan/Desktop/機器學習/分組/Garbage-Classification-System/data/supplement_candidates/paper/GD_paper_1039.jpg,manual_review_then_add_to_train
paper,GD,/Users/sylviachan/Desktop/機器學習/分組/Garbage-Classification-System/data/raw_data/GD.zip,original/paper/paper_922.jpg,GD_paper_922.jpg,/Users/sylviachan/Desktop/機器學習/分組/Garbage-Classification-System/data/supplement_candidates/paper/GD_paper_922.jpg,manual_review_then_add_to_train
paper,GD,/Users/sylviachan/Desktop/機器學習/分組/Garbage-Classification-System/data/raw_data/GD.zip,original/paper/paper_1049.jpg,GD_paper_1049.jpg,/Users/sylviachan/Desktop/機器學習/分組/Garbage-Classification-System/data/supplement_candidates/paper/GD_paper_1049.jpg,manual_review_then_add_to_train
paper,GD,/Users/sylviachan/Desktop/機器學習/分組/Garbage-Classification-System/data/raw_data/GD.zip,original/paper/paper_1173.jpg,GD_paper_1173.jpg,/Users/sylviachan/Desktop/機器學習/分組/Garbage-Classification-System/data/supplement_candidates/paper/GD_paper_1173.jpg,manual_review_then_add_to_train
paper,GD,/Users/sylviachan/Desktop/機器學習/分組/Garbage-Classification-System/data/raw_data/GD.zip,original/paper/paper_1117.jpg,GD_paper_1117.jpg,/Users/sylviachan/Desktop/機器學習/分組/Garbage-Classification-System/data/supplement_candidates/paper/GD_paper_1117.jpg,manual_review_then_add_to_train
paper,GD,/Users/sylviachan/Desktop/機器學習/分組/Garbage-Classification-System/data/raw_data/GD.zip,original/paper/paper_1116.jpg,GD_paper_1116.jpg,/Users/sylviachan/Desktop/機器學習/分組/Garbage-Classification-System/data/supplement_candidates/paper/GD_paper_1116.jpg,manual_review_then_add_to_train
paper,GD,/Users/sylviachan/Desktop/機器學習/分組/Garbage-Classification-System/data/raw_data/GD.zip,original/paper/paper_1301.jpg,GD_paper_1301.jpg,/Users/sylviachan/Desktop/機器學習/分組/Garbage-Classification-System/data/supplement_candidates/paper/GD_paper_1301.jpg,manual_review_then_add_to_train
paper,GD,/Users/sylviachan/Desktop/機器學習/分組/Garbage-Classification-System/data/raw_data/GD.zip,original/paper/paper_1074.jpg,GD_paper_1074.jpg,/Users/sylviachan/Desktop/機器學習/分組/Garbage-Classification-System/data/supplement_candidates/paper/GD_paper_1074.jpg,manual_review_then_add_to_train
paper,GD,/Users/sylviachan/Desktop/機器學習/分組/Garbage-Classification-System/data/raw_data/GD.zip,original/paper/paper_894.jpg,GD_paper_894.jpg,/Users/sylviachan/Desktop/機器學習/分組/Garbage-Classification-System/data/supplement_candidates/paper/GD_paper_894.jpg,manual_review_then_add_to_train
paper,GD,/Users/sylviachan/Desktop/機器學習/分組/Garbage-Classification-System/data/raw_data/GD.zip,original/paper/paper_1204.jpg,GD_paper_1204.jpg,/Users/sylviachan/Desktop/機器學習/分組/Garbage-Classification-System/data/supplement_candidates/paper/GD_paper_1204.jpg,manual_review_then_add_to_train
paper,GD,/Users/sylviachan/Desktop/機器學習/分組/Garbage-Classification-System/data/raw_data/GD.zip,original/paper/paper_1142.jpg,GD_paper_1142.jpg,/Users/sylviachan/Desktop/機器學習/分組/Garbage-Classification-System/data/supplement_candidates/paper/GD_paper_1142.jpg,manual_review_then_add_to_train
paper,GD,/Users/sylviachan/Desktop/機器學習/分組/Garbage-Classification-System/data/raw_data/GD.zip,original/paper/paper_1141.jpg,GD_paper_1141.jpg,/Users/sylviachan/Desktop/機器學習/分組/Garbage-Classification-System/data/supplement_candidates/paper/GD_paper_1141.jpg,manual_review_then_add_to_train
paper,GD,/Users/sylviachan/Desktop/機器學習/分組/Garbage-Classification-System/data/raw_data/GD.zip,original/paper/paper_1158.jpg,GD_paper_1158.jpg,/Users/sylviachan/Desktop/機器學習/分組/Garbage-Classification-System/data/supplement_candidates/paper/GD_paper_1158.jpg,manual_review_then_add_to_train
paper,GD,/Users/sylviachan/Desktop/機器學習/分組/Garbage-Classification-System/data/raw_data/GD.zip,original/paper/paper_1094.jpg,GD_paper_1094.jpg,/Users/sylviachan/Desktop/機器學習/分組/Garbage-Classification-System/data/supplement_candidates/paper/GD_paper_1094.jpg,manual_review_then_add_to_train
paper,GD,/Users/sylviachan/Desktop/機器學習/分組/Garbage-Classification-System/data/raw_data/GD.zip,original/paper/paper_1314.jpg,GD_paper_1314.jpg,/Users/sylviachan/Desktop/機器學習/分組/Garbage-Classification-System/data/supplement_candidates/paper/GD_paper_1314.jpg,manual_review_then_add_to_train
paper,GD,/Users/sylviachan/Desktop/機器學習/分組/Garbage-Classification-System/data/raw_data/GD.zip,original/paper/paper_1309.jpg,GD_paper_1309.jpg,/Users/sylviachan/Desktop/機器學習/分組/Garbage-Classification-System/data/supplement_candidates/paper/GD_paper_1309.jpg,manual_review_then_add_to_train
paper,GD,/Users/sylviachan/Desktop/機器學習/分組/Garbage-Classification-System/data/raw_data/GD.zip,original/paper/paper_1197.jpg,GD_paper_1197.jpg,/Users/sylviachan/Desktop/機器學習/分組/Garbage-Classification-System/data/supplement_candidates/paper/GD_paper_1197.jpg,manual_review_then_add_to_train
paper,GD,/Users/sylviachan/Desktop/機器學習/分組/Garbage-Classification-System/data/raw_data/GD.zip,original/paper/paper_1334.jpg,GD_paper_1334.jpg,/Users/sylviachan/Desktop/機器學習/分組/Garbage-Classification-System/data/supplement_candidates/paper/GD_paper_1334.jpg,manual_review_then_add_to_train
paper,GD,/Users/sylviachan/Desktop/機器學習/分組/Garbage-Classification-System/data/raw_data/GD.zip,original/paper/paper_904.jpg,GD_paper_904.jpg,/Users/sylviachan/Desktop/機器學習/分組/Garbage-Classification-System/data/supplement_candidates/paper/GD_paper_904.jpg,manual_review_then_add_to_train
paper,GD,/Users/sylviachan/Desktop/機器學習/分組/Garbage-Classification-System/data/raw_data/GD.zip,original/paper/paper_1311.jpg,GD_paper_1311.jpg,/Users/sylviachan/Desktop/機器學習/分組/Garbage-Classification-System/data/supplement_candidates/paper/GD_paper_1311.jpg,manual_review_then_add_to_train
paper,GD,/Users/sylviachan/Desktop/機器學習/分組/Garbage-Classification-System/data/raw_data/GD.zip,original/paper/paper_1058.jpg,GD_paper_1058.jpg,/Users/sylviachan/Desktop/機器學習/分組/Garbage-Classification-System/data/supplement_candidates/paper/GD_paper_1058.jpg,manual_review_then_add_to_train
paper,GD,/Users/sylviachan/Desktop/機器學習/分組/Garbage-Classification-System/data/raw_data/GD.zip,original/paper/paper_1256.jpg,GD_paper_1256.jpg,/Users/sylviachan/Desktop/機器學習/分組/Garbage-Classification-System/data/supplement_candidates/paper/GD_paper_1256.jpg,manual_review_then_add_to_train
paper,GD,/Users/sylviachan/Desktop/機器學習/分組/Garbage-Classification-System/data/raw_data/GD.zip,original/paper/paper_1250.jpg,GD_paper_1250.jpg,/Users/sylviachan/Desktop/機器學習/分組/Garbage-Classification-System/data/supplement_candidates/paper/GD_paper_1250.jpg,manual_review_then_add_to_train
paper,GD,/Users/sylviachan/Desktop/機器學習/分組/Garbage-Classification-System/data/raw_data/GD.zip,original/paper/paper_1168.jpg,GD_paper_1168.jpg,/Users/sylviachan/Desktop/機器學習/分組/Garbage-Classification-System/data/supplement_candidates/paper/GD_paper_1168.jpg,manual_review_then_add_to_train
paper,GD,/Users/sylviachan/Desktop/機器學習/分組/Garbage-Classification-System/data/raw_data/GD.zip,original/paper/paper_944.jpg,GD_paper_944.jpg,/Users/sylviachan/Desktop/機器學習/分組/Garbage-Classification-System/data/supplement_candidates/paper/GD_paper_944.jpg,manual_review_then_add_to_train
paper,GD,/Users/sylviachan/Desktop/機器學習/分組/Garbage-Classification-System/data/raw_data/GD.zip,original/paper/paper_1041.jpg,GD_paper_1041.jpg,/Users/sylviachan/Desktop/機器學習/分組/Garbage-Classification-System/data/supplement_candidates/paper/GD_paper_1041.jpg,manual_review_then_add_to_train
paper,GD,/Users/sylviachan/Desktop/機器學習/分組/Garbage-Classification-System/data/raw_data/GD.zip,original/paper/paper_1307.jpg,GD_paper_1307.jpg,/Users/sylviachan/Desktop/機器學習/分組/Garbage-Classification-System/data/supplement_candidates/paper/GD_paper_1307.jpg,manual_review_then_add_to_train
paper,GD,/Users/sylviachan/Desktop/機器學習/分組/Garbage-Classification-System/data/raw_data/GD.zip,original/paper/paper_1186.jpg,GD_paper_1186.jpg,/Users/sylviachan/Desktop/機器學習/分組/Garbage-Classification-System/data/supplement_candidates/paper/GD_paper_1186.jpg,manual_review_then_add_to_train
paper,GD,/Users/sylviachan/Desktop/機器學習/分組/Garbage-Classification-System/data/raw_data/GD.zip,original/paper/paper_1329.jpg,GD_paper_1329.jpg,/Users/sylviachan/Desktop/機器學習/分組/Garbage-Classification-System/data/supplement_candidates/paper/GD_paper_1329.jpg,manual_review_then_add_to_train
paper,GD,/Users/sylviachan/Desktop/機器學習/分組/Garbage-Classification-System/data/raw_data/GD.zip,original/paper/paper_1115.jpg,GD_paper_1115.jpg,/Users/sylviachan/Desktop/機器學習/分組/Garbage-Classification-System/data/supplement_candidates/paper/GD_paper_1115.jpg,manual_review_then_add_to_train
paper,GD,/Users/sylviachan/Desktop/機器學習/分組/Garbage-Classification-System/data/raw_data/GD.zip,original/paper/paper_1268.jpg,GD_paper_1268.jpg,/Users/sylviachan/Desktop/機器學習/分組/Garbage-Classification-System/data/supplement_candidates/paper/GD_paper_1268.jpg,manual_review_then_add_to_train
paper,GD,/Users/sylviachan/Desktop/機器學習/分組/Garbage-Classification-System/data/raw_data/GD.zip,original/paper/paper_1035.jpg,GD_paper_1035.jpg,/Users/sylviachan/Desktop/機器學習/分組/Garbage-Classification-System/data/supplement_candidates/paper/GD_paper_1035.jpg,manual_review_then_add_to_train
paper,GD,/Users/sylviachan/Desktop/機器學習/分組/Garbage-Classification-System/data/raw_data/GD.zip,original/paper/paper_1120.jpg,GD_paper_1120.jpg,/Users/sylviachan/Desktop/機器學習/分組/Garbage-Classification-System/data/supplement_candidates/paper/GD_paper_1120.jpg,manual_review_then_add_to_train
paper,GD,/Users/sylviachan/Desktop/機器學習/分組/Garbage-Classification-System/data/raw_data/GD.zip,original/paper/paper_1229.jpg,GD_paper_1229.jpg,/Users/sylviachan/Desktop/機器學習/分組/Garbage-Classification-System/data/supplement_candidates/paper/GD_paper_1229.jpg,manual_review_then_add_to_train
paper,GD,/Users/sylviachan/Desktop/機器學習/分組/Garbage-Classification-System/data/raw_data/GD.zip,original/paper/paper_1199.jpg,GD_paper_1199.jpg,/Users/sylviachan/Desktop/機器學習/分組/Garbage-Classification-System/data/supplement_candidates/paper/GD_paper_1199.jpg,manual_review_then_add_to_train
paper,GD,/Users/sylviachan/Desktop/機器學習/分組/Garbage-Classification-System/data/raw_data/GD.zip,original/paper/paper_962.jpg,GD_paper_962.jpg,/Users/sylviachan/Desktop/機器學習/分組/Garbage-Classification-System/data/supplement_candidates/paper/GD_paper_962.jpg,manual_review_then_add_to_train
paper,GD,/Users/sylviachan/Desktop/機器學習/分組/Garbage-Classification-System/data/raw_data/GD.zip,original/paper/paper_644.jpg,GD_paper_644.jpg,/Users/sylviachan/Desktop/機器學習/分組/Garbage-Classification-System/data/supplement_candidates/paper/GD_paper_644.jpg,manual_review_then_add_to_train
paper,GD,/Users/sylviachan/Desktop/機器學習/分組/Garbage-Classification-System/data/raw_data/GD.zip,original/paper/paper_1327.jpg,GD_paper_1327.jpg,/Users/sylviachan/Desktop/機器學習/分組/Garbage-Classification-System/data/supplement_candidates/paper/GD_paper_1327.jpg,manual_review_then_add_to_train
paper,GD,/Users/sylviachan/Desktop/機器學習/分組/Garbage-Classification-System/data/raw_data/GD.zip,original/paper/paper_1016.jpg,GD_paper_1016.jpg,/Users/sylviachan/Desktop/機器學習/分組/Garbage-Classification-System/data/supplement_candidates/paper/GD_paper_1016.jpg,manual_review_then_add_to_train
paper,GD,/Users/sylviachan/Desktop/機器學習/分組/Garbage-Classification-System/data/raw_data/GD.zip,original/paper/paper_952.jpg,GD_paper_952.jpg,/Users/sylviachan/Desktop/機器學習/分組/Garbage-Classification-System/data/supplement_candidates/paper/GD_paper_952.jpg,manual_review_then_add_to_train
paper,GD,/Users/sylviachan/Desktop/機器學習/分組/Garbage-Classification-System/data/raw_data/GD.zip,original/paper/paper_1064.jpg,GD_paper_1064.jpg,/Users/sylviachan/Desktop/機器學習/分組/Garbage-Classification-System/data/supplement_candidates/paper/GD_paper_1064.jpg,manual_review_then_add_to_train
paper,GD,/Users/sylviachan/Desktop/機器學習/分組/Garbage-Classification-System/data/raw_data/GD.zip,original/paper/paper_1194.jpg,GD_paper_1194.jpg,/Users/sylviachan/Desktop/機器學習/分組/Garbage-Classification-System/data/supplement_candidates/paper/GD_paper_1194.jpg,manual_review_then_add_to_train
paper,GD,/Users/sylviachan/Desktop/機器學習/分組/Garbage-Classification-System/data/raw_data/GD.zip,original/paper/paper_819.jpg,GD_paper_819.jpg,/Users/sylviachan/Desktop/機器學習/分組/Garbage-Classification-System/data/supplement_candidates/paper/GD_paper_819.jpg,manual_review_then_add_to_train
paper,GD,/Users/sylviachan/Desktop/機器學習/分組/Garbage-Classification-System/data/raw_data/GD.zip,original/paper/paper_992.jpg,GD_paper_992.jpg,/Users/sylviachan/Desktop/機器學習/分組/Garbage-Classification-System/data/supplement_candidates/paper/GD_paper_992.jpg,manual_review_then_add_to_train
paper,GD,/Users/sylviachan/Desktop/機器學習/分組/Garbage-Classification-System/data/raw_data/GD.zip,original/paper/paper_973.jpg,GD_paper_973.jpg,/Users/sylviachan/Desktop/機器學習/分組/Garbage-Classification-System/data/supplement_candidates/paper/GD_paper_973.jpg,manual_review_then_add_to_train
paper,GD,/Users/sylviachan/Desktop/機器學習/分組/Garbage-Classification-System/data/raw_data/GD.zip,original/paper/paper_1246.jpg,GD_paper_1246.jpg,/Users/sylviachan/Desktop/機器學習/分組/Garbage-Classification-System/data/supplement_candidates/paper/GD_paper_1246.jpg,manual_review_then_add_to_train
paper,GD,/Users/sylviachan/Desktop/機器學習/分組/Garbage-Classification-System/data/raw_data/GD.zip,original/paper/paper_1249.jpg,GD_paper_1249.jpg,/Users/sylviachan/Desktop/機器學習/分組/Garbage-Classification-System/data/supplement_candidates/paper/GD_paper_1249.jpg,manual_review_then_add_to_train
paper,GD,/Users/sylviachan/Desktop/機器學習/分組/Garbage-Classification-System/data/raw_data/GD.zip,original/paper/paper_840.jpg,GD_paper_840.jpg,/Users/sylviachan/Desktop/機器學習/分組/Garbage-Classification-System/data/supplement_candidates/paper/GD_paper_840.jpg,manual_review_then_add_to_train
paper,GD,/Users/sylviachan/Desktop/機器學習/分組/Garbage-Classification-System/data/raw_data/GD.zip,original/paper/paper_1010.jpg,GD_paper_1010.jpg,/Users/sylviachan/Desktop/機器學習/分組/Garbage-Classification-System/data/supplement_candidates/paper/GD_paper_1010.jpg,manual_review_then_add_to_train
paper,GD,/Users/sylviachan/Desktop/機器學習/分組/Garbage-Classification-System/data/raw_data/GD.zip,original/paper/paper_1104.jpg,GD_paper_1104.jpg,/Users/sylviachan/Desktop/機器學習/分組/Garbage-Classification-System/data/supplement_candidates/paper/GD_paper_1104.jpg,manual_review_then_add_to_train
paper,GD,/Users/sylviachan/Desktop/機器學習/分組/Garbage-Classification-System/data/raw_data/GD.zip,original/paper/paper_1001.jpg,GD_paper_1001.jpg,/Users/sylviachan/Desktop/機器學習/分組/Garbage-Classification-System/data/supplement_candidates/paper/GD_paper_1001.jpg,manual_review_then_add_to_train
paper,GD,/Users/sylviachan/Desktop/機器學習/分組/Garbage-Classification-System/data/raw_data/GD.zip,original/paper/paper_933.jpg,GD_paper_933.jpg,/Users/sylviachan/Desktop/機器學習/分組/Garbage-Classification-System/data/supplement_candidates/paper/GD_paper_933.jpg,manual_review_then_add_to_train
paper,GD,/Users/sylviachan/Desktop/機器學習/分組/Garbage-Classification-System/data/raw_data/GD.zip,original/paper/paper_982.jpg,GD_paper_982.jpg,/Users/sylviachan/Desktop/機器學習/分組/Garbage-Classification-System/data/supplement_candidates/paper/GD_paper_982.jpg,manual_review_then_add_to_train
paper,GD,/Users/sylviachan/Desktop/機器學習/分組/Garbage-Classification-System/data/raw_data/GD.zip,original/paper/paper_844.jpg,GD_paper_844.jpg,/Users/sylviachan/Desktop/機器學習/分組/Garbage-Classification-System/data/supplement_candidates/paper/GD_paper_844.jpg,manual_review_then_add_to_train
paper,GD,/Users/sylviachan/Desktop/機器學習/分組/Garbage-Classification-System/data/raw_data/GD.zip,original/paper/paper_999.jpg,GD_paper_999.jpg,/Users/sylviachan/Desktop/機器學習/分組/Garbage-Classification-System/data/supplement_candidates/paper/GD_paper_999.jpg,manual_review_then_add_to_train
paper,GD,/Users/sylviachan/Desktop/機器學習/分組/Garbage-Classification-System/data/raw_data/GD.zip,original/paper/paper_1264.jpg,GD_paper_1264.jpg,/Users/sylviachan/Desktop/機器學習/分組/Garbage-Classification-System/data/supplement_candidates/paper/GD_paper_1264.jpg,manual_review_then_add_to_train
paper,GD,/Users/sylviachan/Desktop/機器學習/分組/Garbage-Classification-System/data/raw_data/GD.zip,original/paper/paper_983.jpg,GD_paper_983.jpg,/Users/sylviachan/Desktop/機器學習/分組/Garbage-Classification-System/data/supplement_candidates/paper/GD_paper_983.jpg,manual_review_then_add_to_train
paper,GD,/Users/sylviachan/Desktop/機器學習/分組/Garbage-Classification-System/data/raw_data/GD.zip,original/paper/paper_1184.jpg,GD_paper_1184.jpg,/Users/sylviachan/Desktop/機器學習/分組/Garbage-Classification-System/data/supplement_candidates/paper/GD_paper_1184.jpg,manual_review_then_add_to_train
plastic,TrashNet,/Users/sylviachan/Desktop/機器學習/分組/Garbage-Classification-System/data/raw_data/Trashnet.zip,dataset-resized/plastic/plastic8.jpg,TN_plastic_8.jpg,/Users/sylviachan/Desktop/機器學習/分組/Garbage-Classification-System/data/supplement_candidates/plastic/TN_plastic_8.jpg,manual_review_then_add_to_train
plastic,TrashNet,/Users/sylviachan/Desktop/機器學習/分組/Garbage-Classification-System/data/raw_data/Trashnet.zip,dataset-resized/plastic/plastic346.jpg,TN_plastic_346.jpg,/Users/sylviachan/Desktop/機器學習/分組/Garbage-Classification-System/data/supplement_candidates/plastic/TN_plastic_346.jpg,manual_review_then_add_to_train
plastic,TrashNet,/Users/sylviachan/Desktop/機器學習/分組/Garbage-Classification-System/data/raw_data/Trashnet.zip,dataset-resized/plastic/plastic207.jpg,TN_plastic_207.jpg,/Users/sylviachan/Desktop/機器學習/分組/Garbage-Classification-System/data/supplement_candidates/plastic/TN_plastic_207.jpg,manual_review_then_add_to_train
plastic,TrashNet,/Users/sylviachan/Desktop/機器學習/分組/Garbage-Classification-System/data/raw_data/Trashnet.zip,dataset-resized/plastic/plastic464.jpg,TN_plastic_464.jpg,/Users/sylviachan/Desktop/機器學習/分組/Garbage-Classification-System/data/supplement_candidates/plastic/TN_plastic_464.jpg,manual_review_then_add_to_train
plastic,TrashNet,/Users/sylviachan/Desktop/機器學習/分組/Garbage-Classification-System/data/raw_data/Trashnet.zip,dataset-resized/plastic/plastic302.jpg,TN_plastic_302.jpg,/Users/sylviachan/Desktop/機器學習/分組/Garbage-Classification-System/data/supplement_candidates/plastic/TN_plastic_302.jpg,manual_review_then_add_to_train
plastic,TrashNet,/Users/sylviachan/Desktop/機器學習/分組/Garbage-Classification-System/data/raw_data/Trashnet.zip,dataset-resized/plastic/plastic2.jpg,TN_plastic_2.jpg,/Users/sylviachan/Desktop/機器學習/分組/Garbage-Classification-System/data/supplement_candidates/plastic/TN_plastic_2.jpg,manual_review_then_add_to_train
plastic,TrashNet,/Users/sylviachan/Desktop/機器學習/分組/Garbage-Classification-System/data/raw_data/Trashnet.zip,dataset-resized/plastic/plastic113.jpg,TN_plastic_113.jpg,/Users/sylviachan/Desktop/機器學習/分組/Garbage-Classification-System/data/supplement_candidates/plastic/TN_plastic_113.jpg,manual_review_then_add_to_train
plastic,TrashNet,/Users/sylviachan/Desktop/機器學習/分組/Garbage-Classification-System/data/raw_data/Trashnet.zip,dataset-resized/plastic/plastic450.jpg,TN_plastic_450.jpg,/Users/sylviachan/Desktop/機器學習/分組/Garbage-Classification-System/data/supplement_candidates/plastic/TN_plastic_450.jpg,manual_review_then_add_to_train
plastic,TrashNet,/Users/sylviachan/Desktop/機器學習/分組/Garbage-Classification-System/data/raw_data/Trashnet.zip,dataset-resized/plastic/plastic226.jpg,TN_plastic_226.jpg,/Users/sylviachan/Desktop/機器學習/分組/Garbage-Classification-System/data/supplement_candidates/plastic/TN_plastic_226.jpg,manual_review_then_add_to_train
plastic,TrashNet,/Users/sylviachan/Desktop/機器學習/分組/Garbage-Classification-System/data/raw_data/Trashnet.zip,dataset-resized/plastic/plastic137.jpg,TN_plastic_137.jpg,/Users/sylviachan/Desktop/機器學習/分組/Garbage-Classification-System/data/supplement_candidates/plastic/TN_plastic_137.jpg,manual_review_then_add_to_train
plastic,TrashNet,/Users/sylviachan/Desktop/機器學習/分組/Garbage-Classification-System/data/raw_data/Trashnet.zip,dataset-resized/plastic/plastic355.jpg,TN_plastic_355.jpg,/Users/sylviachan/Desktop/機器學習/分組/Garbage-Classification-System/data/supplement_candidates/plastic/TN_plastic_355.jpg,manual_review_then_add_to_train
plastic,TrashNet,/Users/sylviachan/Desktop/機器學習/分組/Garbage-Classification-System/data/raw_data/Trashnet.zip,dataset-resized/plastic/plastic25.jpg,TN_plastic_25.jpg,/Users/sylviachan/Desktop/機器學習/分組/Garbage-Classification-System/data/supplement_candidates/plastic/TN_plastic_25.jpg,manual_review_then_add_to_train
plastic,TrashNet,/Users/sylviachan/Desktop/機器學習/分組/Garbage-Classification-System/data/raw_data/Trashnet.zip,dataset-resized/plastic/plastic470.jpg,TN_plastic_470.jpg,/Users/sylviachan/Desktop/機器學習/分組/Garbage-Classification-System/data/supplement_candidates/plastic/TN_plastic_470.jpg,manual_review_then_add_to_train
plastic,TrashNet,/Users/sylviachan/Desktop/機器學習/分組/Garbage-Classification-System/data/raw_data/Trashnet.zip,dataset-resized/plastic/plastic380.jpg,TN_plastic_380.jpg,/Users/sylviachan/Desktop/機器學習/分組/Garbage-Classification-System/data/supplement_candidates/plastic/TN_plastic_380.jpg,manual_review_then_add_to_train
plastic,TrashNet,/Users/sylviachan/Desktop/機器學習/分組/Garbage-Classification-System/data/raw_data/Trashnet.zip,dataset-resized/plastic/plastic423.jpg,TN_plastic_423.jpg,/Users/sylviachan/Desktop/機器學習/分組/Garbage-Classification-System/data/supplement_candidates/plastic/TN_plastic_423.jpg,manual_review_then_add_to_train
plastic,TrashNet,/Users/sylviachan/Desktop/機器學習/分組/Garbage-Classification-System/data/raw_data/Trashnet.zip,dataset-resized/plastic/plastic203.jpg,TN_plastic_203.jpg,/Users/sylviachan/Desktop/機器學習/分組/Garbage-Classification-System/data/supplement_candidates/plastic/TN_plastic_203.jpg,manual_review_then_add_to_train
plastic,TrashNet,/Users/sylviachan/Desktop/機器學習/分組/Garbage-Classification-System/data/raw_data/Trashnet.zip,dataset-resized/plastic/plastic331.jpg,TN_plastic_331.jpg,/Users/sylviachan/Desktop/機器學習/分組/Garbage-Classification-System/data/supplement_candidates/plastic/TN_plastic_331.jpg,manual_review_then_add_to_train
plastic,TrashNet,/Users/sylviachan/Desktop/機器學習/分組/Garbage-Classification-System/data/raw_data/Trashnet.zip,dataset-resized/plastic/plastic335.jpg,TN_plastic_335.jpg,/Users/sylviachan/Desktop/機器學習/分組/Garbage-Classification-System/data/supplement_candidates/plastic/TN_plastic_335.jpg,manual_review_then_add_to_train
plastic,TrashNet,/Users/sylviachan/Desktop/機器學習/分組/Garbage-Classification-System/data/raw_data/Trashnet.zip,dataset-resized/plastic/plastic232.jpg,TN_plastic_232.jpg,/Users/sylviachan/Desktop/機器學習/分組/Garbage-Classification-System/data/supplement_candidates/plastic/TN_plastic_232.jpg,manual_review_then_add_to_train
plastic,TrashNet,/Users/sylviachan/Desktop/機器學習/分組/Garbage-Classification-System/data/raw_data/Trashnet.zip,dataset-resized/plastic/plastic267.jpg,TN_plastic_267.jpg,/Users/sylviachan/Desktop/機器學習/分組/Garbage-Classification-System/data/supplement_candidates/plastic/TN_plastic_267.jpg,manual_review_then_add_to_train
plastic,TrashNet,/Users/sylviachan/Desktop/機器學習/分組/Garbage-Classification-System/data/raw_data/Trashnet.zip,dataset-resized/plastic/plastic159.jpg,TN_plastic_159.jpg,/Users/sylviachan/Desktop/機器學習/分組/Garbage-Classification-System/data/supplement_candidates/plastic/TN_plastic_159.jpg,manual_review_then_add_to_train
plastic,TrashNet,/Users/sylviachan/Desktop/機器學習/分組/Garbage-Classification-System/data/raw_data/Trashnet.zip,dataset-resized/plastic/plastic365.jpg,TN_plastic_365.jpg,/Users/sylviachan/Desktop/機器學習/分組/Garbage-Classification-System/data/supplement_candidates/plastic/TN_plastic_365.jpg,manual_review_then_add_to_train
plastic,TrashNet,/Users/sylviachan/Desktop/機器學習/分組/Garbage-Classification-System/data/raw_data/Trashnet.zip,dataset-resized/plastic/plastic442.jpg,TN_plastic_442.jpg,/Users/sylviachan/Desktop/機器學習/分組/Garbage-Classification-System/data/supplement_candidates/plastic/TN_plastic_442.jpg,manual_review_then_add_to_train
plastic,TrashNet,/Users/sylviachan/Desktop/機器學習/分組/Garbage-Classification-System/data/raw_data/Trashnet.zip,dataset-resized/plastic/plastic481.jpg,TN_plastic_481.jpg,/Users/sylviachan/Desktop/機器學習/分組/Garbage-Classification-System/data/supplement_candidates/plastic/TN_plastic_481.jpg,manual_review_then_add_to_train
plastic,TrashNet,/Users/sylviachan/Desktop/機器學習/分組/Garbage-Classification-System/data/raw_data/Trashnet.zip,dataset-resized/plastic/plastic330.jpg,TN_plastic_330.jpg,/Users/sylviachan/Desktop/機器學習/分組/Garbage-Classification-System/data/supplement_candidates/plastic/TN_plastic_330.jpg,manual_review_then_add_to_train
plastic,TrashNet,/Users/sylviachan/Desktop/機器學習/分組/Garbage-Classification-System/data/raw_data/Trashnet.zip,dataset-resized/plastic/plastic280.jpg,TN_plastic_280.jpg,/Users/sylviachan/Desktop/機器學習/分組/Garbage-Classification-System/data/supplement_candidates/plastic/TN_plastic_280.jpg,manual_review_then_add_to_train
plastic,TrashNet,/Users/sylviachan/Desktop/機器學習/分組/Garbage-Classification-System/data/raw_data/Trashnet.zip,dataset-resized/plastic/plastic379.jpg,TN_plastic_379.jpg,/Users/sylviachan/Desktop/機器學習/分組/Garbage-Classification-System/data/supplement_candidates/plastic/TN_plastic_379.jpg,manual_review_then_add_to_train
plastic,TrashNet,/Users/sylviachan/Desktop/機器學習/分組/Garbage-Classification-System/data/raw_data/Trashnet.zip,dataset-resized/plastic/plastic103.jpg,TN_plastic_103.jpg,/Users/sylviachan/Desktop/機器學習/分組/Garbage-Classification-System/data/supplement_candidates/plastic/TN_plastic_103.jpg,manual_review_then_add_to_train
plastic,TrashNet,/Users/sylviachan/Desktop/機器學習/分組/Garbage-Classification-System/data/raw_data/Trashnet.zip,dataset-resized/plastic/plastic357.jpg,TN_plastic_357.jpg,/Users/sylviachan/Desktop/機器學習/分組/Garbage-Classification-System/data/supplement_candidates/plastic/TN_plastic_357.jpg,manual_review_then_add_to_train
plastic,TrashNet,/Users/sylviachan/Desktop/機器學習/分組/Garbage-Classification-System/data/raw_data/Trashnet.zip,dataset-resized/plastic/plastic410.jpg,TN_plastic_410.jpg,/Users/sylviachan/Desktop/機器學習/分組/Garbage-Classification-System/data/supplement_candidates/plastic/TN_plastic_410.jpg,manual_review_then_add_to_train
plastic,TrashNet,/Users/sylviachan/Desktop/機器學習/分組/Garbage-Classification-System/data/raw_data/Trashnet.zip,dataset-resized/plastic/plastic14.jpg,TN_plastic_14.jpg,/Users/sylviachan/Desktop/機器學習/分組/Garbage-Classification-System/data/supplement_candidates/plastic/TN_plastic_14.jpg,manual_review_then_add_to_train
plastic,TrashNet,/Users/sylviachan/Desktop/機器學習/分組/Garbage-Classification-System/data/raw_data/Trashnet.zip,dataset-resized/plastic/plastic167.jpg,TN_plastic_167.jpg,/Users/sylviachan/Desktop/機器學習/分組/Garbage-Classification-System/data/supplement_candidates/plastic/TN_plastic_167.jpg,manual_review_then_add_to_train
plastic,TrashNet,/Users/sylviachan/Desktop/機器學習/分組/Garbage-Classification-System/data/raw_data/Trashnet.zip,dataset-resized/plastic/plastic147.jpg,TN_plastic_147.jpg,/Users/sylviachan/Desktop/機器學習/分組/Garbage-Classification-System/data/supplement_candidates/plastic/TN_plastic_147.jpg,manual_review_then_add_to_train
plastic,TrashNet,/Users/sylviachan/Desktop/機器學習/分組/Garbage-Classification-System/data/raw_data/Trashnet.zip,dataset-resized/plastic/plastic84.jpg,TN_plastic_84.jpg,/Users/sylviachan/Desktop/機器學習/分組/Garbage-Classification-System/data/supplement_candidates/plastic/TN_plastic_84.jpg,manual_review_then_add_to_train
plastic,TrashNet,/Users/sylviachan/Desktop/機器學習/分組/Garbage-Classification-System/data/raw_data/Trashnet.zip,dataset-resized/plastic/plastic164.jpg,TN_plastic_164.jpg,/Users/sylviachan/Desktop/機器學習/分組/Garbage-Classification-System/data/supplement_candidates/plastic/TN_plastic_164.jpg,manual_review_then_add_to_train
plastic,TrashNet,/Users/sylviachan/Desktop/機器學習/分組/Garbage-Classification-System/data/raw_data/Trashnet.zip,dataset-resized/plastic/plastic83.jpg,TN_plastic_83.jpg,/Users/sylviachan/Desktop/機器學習/分組/Garbage-Classification-System/data/supplement_candidates/plastic/TN_plastic_83.jpg,manual_review_then_add_to_train
plastic,TrashNet,/Users/sylviachan/Desktop/機器學習/分組/Garbage-Classification-System/data/raw_data/Trashnet.zip,dataset-resized/plastic/plastic299.jpg,TN_plastic_299.jpg,/Users/sylviachan/Desktop/機器學習/分組/Garbage-Classification-System/data/supplement_candidates/plastic/TN_plastic_299.jpg,manual_review_then_add_to_train
plastic,TrashNet,/Users/sylviachan/Desktop/機器學習/分組/Garbage-Classification-System/data/raw_data/Trashnet.zip,dataset-resized/plastic/plastic234.jpg,TN_plastic_234.jpg,/Users/sylviachan/Desktop/機器學習/分組/Garbage-Classification-System/data/supplement_candidates/plastic/TN_plastic_234.jpg,manual_review_then_add_to_train
plastic,TrashNet,/Users/sylviachan/Desktop/機器學習/分組/Garbage-Classification-System/data/raw_data/Trashnet.zip,dataset-resized/plastic/plastic308.jpg,TN_plastic_308.jpg,/Users/sylviachan/Desktop/機器學習/分組/Garbage-Classification-System/data/supplement_candidates/plastic/TN_plastic_308.jpg,manual_review_then_add_to_train
plastic,TrashNet,/Users/sylviachan/Desktop/機器學習/分組/Garbage-Classification-System/data/raw_data/Trashnet.zip,dataset-resized/plastic/plastic303.jpg,TN_plastic_303.jpg,/Users/sylviachan/Desktop/機器學習/分組/Garbage-Classification-System/data/supplement_candidates/plastic/TN_plastic_303.jpg,manual_review_then_add_to_train
plastic,TrashNet,/Users/sylviachan/Desktop/機器學習/分組/Garbage-Classification-System/data/raw_data/Trashnet.zip,dataset-resized/plastic/plastic316.jpg,TN_plastic_316.jpg,/Users/sylviachan/Desktop/機器學習/分組/Garbage-Classification-System/data/supplement_candidates/plastic/TN_plastic_316.jpg,manual_review_then_add_to_train
plastic,TrashNet,/Users/sylviachan/Desktop/機器學習/分組/Garbage-Classification-System/data/raw_data/Trashnet.zip,dataset-resized/plastic/plastic477.jpg,TN_plastic_477.jpg,/Users/sylviachan/Desktop/機器學習/分組/Garbage-Classification-System/data/supplement_candidates/plastic/TN_plastic_477.jpg,manual_review_then_add_to_train
plastic,TrashNet,/Users/sylviachan/Desktop/機器學習/分組/Garbage-Classification-System/data/raw_data/Trashnet.zip,dataset-resized/plastic/plastic304.jpg,TN_plastic_304.jpg,/Users/sylviachan/Desktop/機器學習/分組/Garbage-Classification-System/data/supplement_candidates/plastic/TN_plastic_304.jpg,manual_review_then_add_to_train
plastic,TrashNet,/Users/sylviachan/Desktop/機器學習/分組/Garbage-Classification-System/data/raw_data/Trashnet.zip,dataset-resized/plastic/plastic415.jpg,TN_plastic_415.jpg,/Users/sylviachan/Desktop/機器學習/分組/Garbage-Classification-System/data/supplement_candidates/plastic/TN_plastic_415.jpg,manual_review_then_add_to_train
plastic,TrashNet,/Users/sylviachan/Desktop/機器學習/分組/Garbage-Classification-System/data/raw_data/Trashnet.zip,dataset-resized/plastic/plastic193.jpg,TN_plastic_193.jpg,/Users/sylviachan/Desktop/機器學習/分組/Garbage-Classification-System/data/supplement_candidates/plastic/TN_plastic_193.jpg,manual_review_then_add_to_train
plastic,TrashNet,/Users/sylviachan/Desktop/機器學習/分組/Garbage-Classification-System/data/raw_data/Trashnet.zip,dataset-resized/plastic/plastic132.jpg,TN_plastic_132.jpg,/Users/sylviachan/Desktop/機器學習/分組/Garbage-Classification-System/data/supplement_candidates/plastic/TN_plastic_132.jpg,manual_review_then_add_to_train
plastic,TrashNet,/Users/sylviachan/Desktop/機器學習/分組/Garbage-Classification-System/data/raw_data/Trashnet.zip,dataset-resized/plastic/plastic163.jpg,TN_plastic_163.jpg,/Users/sylviachan/Desktop/機器學習/分組/Garbage-Classification-System/data/supplement_candidates/plastic/TN_plastic_163.jpg,manual_review_then_add_to_train
plastic,TrashNet,/Users/sylviachan/Desktop/機器學習/分組/Garbage-Classification-System/data/raw_data/Trashnet.zip,dataset-resized/plastic/plastic238.jpg,TN_plastic_238.jpg,/Users/sylviachan/Desktop/機器學習/分組/Garbage-Classification-System/data/supplement_candidates/plastic/TN_plastic_238.jpg,manual_review_then_add_to_train
plastic,TrashNet,/Users/sylviachan/Desktop/機器學習/分組/Garbage-Classification-System/data/raw_data/Trashnet.zip,dataset-resized/plastic/plastic253.jpg,TN_plastic_253.jpg,/Users/sylviachan/Desktop/機器學習/分組/Garbage-Classification-System/data/supplement_candidates/plastic/TN_plastic_253.jpg,manual_review_then_add_to_train
plastic,TrashNet,/Users/sylviachan/Desktop/機器學習/分組/Garbage-Classification-System/data/raw_data/Trashnet.zip,dataset-resized/plastic/plastic392.jpg,TN_plastic_392.jpg,/Users/sylviachan/Desktop/機器學習/分組/Garbage-Classification-System/data/supplement_candidates/plastic/TN_plastic_392.jpg,manual_review_then_add_to_train
plastic,TrashNet,/Users/sylviachan/Desktop/機器學習/分組/Garbage-Classification-System/data/raw_data/Trashnet.zip,dataset-resized/plastic/plastic418.jpg,TN_plastic_418.jpg,/Users/sylviachan/Desktop/機器學習/分組/Garbage-Classification-System/data/supplement_candidates/plastic/TN_plastic_418.jpg,manual_review_then_add_to_train
plastic,TrashNet,/Users/sylviachan/Desktop/機器學習/分組/Garbage-Classification-System/data/raw_data/Trashnet.zip,dataset-resized/plastic/plastic191.jpg,TN_plastic_191.jpg,/Users/sylviachan/Desktop/機器學習/分組/Garbage-Classification-System/data/supplement_candidates/plastic/TN_plastic_191.jpg,manual_review_then_add_to_train
plastic,TrashNet,/Users/sylviachan/Desktop/機器學習/分組/Garbage-Classification-System/data/raw_data/Trashnet.zip,dataset-resized/plastic/plastic124.jpg,TN_plastic_124.jpg,/Users/sylviachan/Desktop/機器學習/分組/Garbage-Classification-System/data/supplement_candidates/plastic/TN_plastic_124.jpg,manual_review_then_add_to_train
plastic,TrashNet,/Users/sylviachan/Desktop/機器學習/分組/Garbage-Classification-System/data/raw_data/Trashnet.zip,dataset-resized/plastic/plastic276.jpg,TN_plastic_276.jpg,/Users/sylviachan/Desktop/機器學習/分組/Garbage-Classification-System/data/supplement_candidates/plastic/TN_plastic_276.jpg,manual_review_then_add_to_train
plastic,TrashNet,/Users/sylviachan/Desktop/機器學習/分組/Garbage-Classification-System/data/raw_data/Trashnet.zip,dataset-resized/plastic/plastic456.jpg,TN_plastic_456.jpg,/Users/sylviachan/Desktop/機器學習/分組/Garbage-Classification-System/data/supplement_candidates/plastic/TN_plastic_456.jpg,manual_review_then_add_to_train
plastic,TrashNet,/Users/sylviachan/Desktop/機器學習/分組/Garbage-Classification-System/data/raw_data/Trashnet.zip,dataset-resized/plastic/plastic250.jpg,TN_plastic_250.jpg,/Users/sylviachan/Desktop/機器學習/分組/Garbage-Classification-System/data/supplement_candidates/plastic/TN_plastic_250.jpg,manual_review_then_add_to_train
plastic,TrashNet,/Users/sylviachan/Desktop/機器學習/分組/Garbage-Classification-System/data/raw_data/Trashnet.zip,dataset-resized/plastic/plastic133.jpg,TN_plastic_133.jpg,/Users/sylviachan/Desktop/機器學習/分組/Garbage-Classification-System/data/supplement_candidates/plastic/TN_plastic_133.jpg,manual_review_then_add_to_train
plastic,TrashNet,/Users/sylviachan/Desktop/機器學習/分組/Garbage-Classification-System/data/raw_data/Trashnet.zip,dataset-resized/plastic/plastic37.jpg,TN_plastic_37.jpg,/Users/sylviachan/Desktop/機器學習/分組/Garbage-Classification-System/data/supplement_candidates/plastic/TN_plastic_37.jpg,manual_review_then_add_to_train
plastic,TrashNet,/Users/sylviachan/Desktop/機器學習/分組/Garbage-Classification-System/data/raw_data/Trashnet.zip,dataset-resized/plastic/plastic48.jpg,TN_plastic_48.jpg,/Users/sylviachan/Desktop/機器學習/分組/Garbage-Classification-System/data/supplement_candidates/plastic/TN_plastic_48.jpg,manual_review_then_add_to_train
plastic,TrashNet,/Users/sylviachan/Desktop/機器學習/分組/Garbage-Classification-System/data/raw_data/Trashnet.zip,dataset-resized/plastic/plastic53.jpg,TN_plastic_53.jpg,/Users/sylviachan/Desktop/機器學習/分組/Garbage-Classification-System/data/supplement_candidates/plastic/TN_plastic_53.jpg,manual_review_then_add_to_train
plastic,GD,/Users/sylviachan/Desktop/機器學習/分組/Garbage-Classification-System/data/raw_data/GD.zip,original/plastic/plastic_1005.jpg,GD_plastic_1005.jpg,/Users/sylviachan/Desktop/機器學習/分組/Garbage-Classification-System/data/supplement_candidates/plastic/GD_plastic_1005.jpg,manual_review_then_add_to_train
plastic,GD,/Users/sylviachan/Desktop/機器學習/分組/Garbage-Classification-System/data/raw_data/GD.zip,original/plastic/plastic_995.jpg,GD_plastic_995.jpg,/Users/sylviachan/Desktop/機器學習/分組/Garbage-Classification-System/data/supplement_candidates/plastic/GD_plastic_995.jpg,manual_review_then_add_to_train
plastic,GD,/Users/sylviachan/Desktop/機器學習/分組/Garbage-Classification-System/data/raw_data/GD.zip,original/plastic/plastic_1269.jpg,GD_plastic_1269.jpg,/Users/sylviachan/Desktop/機器學習/分組/Garbage-Classification-System/data/supplement_candidates/plastic/GD_plastic_1269.jpg,manual_review_then_add_to_train
plastic,GD,/Users/sylviachan/Desktop/機器學習/分組/Garbage-Classification-System/data/raw_data/GD.zip,original/plastic/plastic_933.jpg,GD_plastic_933.jpg,/Users/sylviachan/Desktop/機器學習/分組/Garbage-Classification-System/data/supplement_candidates/plastic/GD_plastic_933.jpg,manual_review_then_add_to_train
plastic,GD,/Users/sylviachan/Desktop/機器學習/分組/Garbage-Classification-System/data/raw_data/GD.zip,original/plastic/plastic_1189.jpg,GD_plastic_1189.jpg,/Users/sylviachan/Desktop/機器學習/分組/Garbage-Classification-System/data/supplement_candidates/plastic/GD_plastic_1189.jpg,manual_review_then_add_to_train
plastic,GD,/Users/sylviachan/Desktop/機器學習/分組/Garbage-Classification-System/data/raw_data/GD.zip,original/plastic/plastic_1109.jpg,GD_plastic_1109.jpg,/Users/sylviachan/Desktop/機器學習/分組/Garbage-Classification-System/data/supplement_candidates/plastic/GD_plastic_1109.jpg,manual_review_then_add_to_train
plastic,GD,/Users/sylviachan/Desktop/機器學習/分組/Garbage-Classification-System/data/raw_data/GD.zip,original/plastic/plastic_1432.jpg,GD_plastic_1432.jpg,/Users/sylviachan/Desktop/機器學習/分組/Garbage-Classification-System/data/supplement_candidates/plastic/GD_plastic_1432.jpg,manual_review_then_add_to_train
plastic,GD,/Users/sylviachan/Desktop/機器學習/分組/Garbage-Classification-System/data/raw_data/GD.zip,original/plastic/plastic_1195.jpg,GD_plastic_1195.jpg,/Users/sylviachan/Desktop/機器學習/分組/Garbage-Classification-System/data/supplement_candidates/plastic/GD_plastic_1195.jpg,manual_review_then_add_to_train
plastic,GD,/Users/sylviachan/Desktop/機器學習/分組/Garbage-Classification-System/data/raw_data/GD.zip,original/plastic/plastic_1594.jpg,GD_plastic_1594.jpg,/Users/sylviachan/Desktop/機器學習/分組/Garbage-Classification-System/data/supplement_candidates/plastic/GD_plastic_1594.jpg,manual_review_then_add_to_train
plastic,GD,/Users/sylviachan/Desktop/機器學習/分組/Garbage-Classification-System/data/raw_data/GD.zip,original/plastic/plastic_957.jpg,GD_plastic_957.jpg,/Users/sylviachan/Desktop/機器學習/分組/Garbage-Classification-System/data/supplement_candidates/plastic/GD_plastic_957.jpg,manual_review_then_add_to_train
plastic,GD,/Users/sylviachan/Desktop/機器學習/分組/Garbage-Classification-System/data/raw_data/GD.zip,original/plastic/plastic_1272.jpg,GD_plastic_1272.jpg,/Users/sylviachan/Desktop/機器學習/分組/Garbage-Classification-System/data/supplement_candidates/plastic/GD_plastic_1272.jpg,manual_review_then_add_to_train
plastic,GD,/Users/sylviachan/Desktop/機器學習/分組/Garbage-Classification-System/data/raw_data/GD.zip,original/plastic/plastic_1111.jpg,GD_plastic_1111.jpg,/Users/sylviachan/Desktop/機器學習/分組/Garbage-Classification-System/data/supplement_candidates/plastic/GD_plastic_1111.jpg,manual_review_then_add_to_train
plastic,GD,/Users/sylviachan/Desktop/機器學習/分組/Garbage-Classification-System/data/raw_data/GD.zip,original/plastic/plastic_1235.jpg,GD_plastic_1235.jpg,/Users/sylviachan/Desktop/機器學習/分組/Garbage-Classification-System/data/supplement_candidates/plastic/GD_plastic_1235.jpg,manual_review_then_add_to_train
plastic,GD,/Users/sylviachan/Desktop/機器學習/分組/Garbage-Classification-System/data/raw_data/GD.zip,original/plastic/plastic_1490.jpg,GD_plastic_1490.jpg,/Users/sylviachan/Desktop/機器學習/分組/Garbage-Classification-System/data/supplement_candidates/plastic/GD_plastic_1490.jpg,manual_review_then_add_to_train
plastic,GD,/Users/sylviachan/Desktop/機器學習/分組/Garbage-Classification-System/data/raw_data/GD.zip,original/plastic/plastic_1200.jpg,GD_plastic_1200.jpg,/Users/sylviachan/Desktop/機器學習/分組/Garbage-Classification-System/data/supplement_candidates/plastic/GD_plastic_1200.jpg,manual_review_then_add_to_train
plastic,GD,/Users/sylviachan/Desktop/機器學習/分組/Garbage-Classification-System/data/raw_data/GD.zip,original/plastic/plastic_1361.jpg,GD_plastic_1361.jpg,/Users/sylviachan/Desktop/機器學習/分組/Garbage-Classification-System/data/supplement_candidates/plastic/GD_plastic_1361.jpg,manual_review_then_add_to_train
plastic,GD,/Users/sylviachan/Desktop/機器學習/分組/Garbage-Classification-System/data/raw_data/GD.zip,original/plastic/plastic_1544.jpg,GD_plastic_1544.jpg,/Users/sylviachan/Desktop/機器學習/分組/Garbage-Classification-System/data/supplement_candidates/plastic/GD_plastic_1544.jpg,manual_review_then_add_to_train
plastic,GD,/Users/sylviachan/Desktop/機器學習/分組/Garbage-Classification-System/data/raw_data/GD.zip,original/plastic/plastic_916.jpg,GD_plastic_916.jpg,/Users/sylviachan/Desktop/機器學習/分組/Garbage-Classification-System/data/supplement_candidates/plastic/GD_plastic_916.jpg,manual_review_then_add_to_train
plastic,GD,/Users/sylviachan/Desktop/機器學習/分組/Garbage-Classification-System/data/raw_data/GD.zip,original/plastic/plastic_1455.jpg,GD_plastic_1455.jpg,/Users/sylviachan/Desktop/機器學習/分組/Garbage-Classification-System/data/supplement_candidates/plastic/GD_plastic_1455.jpg,manual_review_then_add_to_train
plastic,GD,/Users/sylviachan/Desktop/機器學習/分組/Garbage-Classification-System/data/raw_data/GD.zip,original/plastic/plastic_1408.jpg,GD_plastic_1408.jpg,/Users/sylviachan/Desktop/機器學習/分組/Garbage-Classification-System/data/supplement_candidates/plastic/GD_plastic_1408.jpg,manual_review_then_add_to_train
plastic,GD,/Users/sylviachan/Desktop/機器學習/分組/Garbage-Classification-System/data/raw_data/GD.zip,original/plastic/plastic_846.jpg,GD_plastic_846.jpg,/Users/sylviachan/Desktop/機器學習/分組/Garbage-Classification-System/data/supplement_candidates/plastic/GD_plastic_846.jpg,manual_review_then_add_to_train
plastic,GD,/Users/sylviachan/Desktop/機器學習/分組/Garbage-Classification-System/data/raw_data/GD.zip,original/plastic/plastic_1498.jpg,GD_plastic_1498.jpg,/Users/sylviachan/Desktop/機器學習/分組/Garbage-Classification-System/data/supplement_candidates/plastic/GD_plastic_1498.jpg,manual_review_then_add_to_train
plastic,GD,/Users/sylviachan/Desktop/機器學習/分組/Garbage-Classification-System/data/raw_data/GD.zip,original/plastic/plastic_1597.jpg,GD_plastic_1597.jpg,/Users/sylviachan/Desktop/機器學習/分組/Garbage-Classification-System/data/supplement_candidates/plastic/GD_plastic_1597.jpg,manual_review_then_add_to_train
plastic,GD,/Users/sylviachan/Desktop/機器學習/分組/Garbage-Classification-System/data/raw_data/GD.zip,original/plastic/plastic_952.jpg,GD_plastic_952.jpg,/Users/sylviachan/Desktop/機器學習/分組/Garbage-Classification-System/data/supplement_candidates/plastic/GD_plastic_952.jpg,manual_review_then_add_to_train
plastic,GD,/Users/sylviachan/Desktop/機器學習/分組/Garbage-Classification-System/data/raw_data/GD.zip,original/plastic/plastic_1165.jpg,GD_plastic_1165.jpg,/Users/sylviachan/Desktop/機器學習/分組/Garbage-Classification-System/data/supplement_candidates/plastic/GD_plastic_1165.jpg,manual_review_then_add_to_train
plastic,GD,/Users/sylviachan/Desktop/機器學習/分組/Garbage-Classification-System/data/raw_data/GD.zip,original/plastic/plastic_1075.jpg,GD_plastic_1075.jpg,/Users/sylviachan/Desktop/機器學習/分組/Garbage-Classification-System/data/supplement_candidates/plastic/GD_plastic_1075.jpg,manual_review_then_add_to_train
plastic,GD,/Users/sylviachan/Desktop/機器學習/分組/Garbage-Classification-System/data/raw_data/GD.zip,original/plastic/plastic_915.jpg,GD_plastic_915.jpg,/Users/sylviachan/Desktop/機器學習/分組/Garbage-Classification-System/data/supplement_candidates/plastic/GD_plastic_915.jpg,manual_review_then_add_to_train
plastic,GD,/Users/sylviachan/Desktop/機器學習/分組/Garbage-Classification-System/data/raw_data/GD.zip,original/plastic/plastic_1145.jpg,GD_plastic_1145.jpg,/Users/sylviachan/Desktop/機器學習/分組/Garbage-Classification-System/data/supplement_candidates/plastic/GD_plastic_1145.jpg,manual_review_then_add_to_train
plastic,GD,/Users/sylviachan/Desktop/機器學習/分組/Garbage-Classification-System/data/raw_data/GD.zip,original/plastic/plastic_1021.jpg,GD_plastic_1021.jpg,/Users/sylviachan/Desktop/機器學習/分組/Garbage-Classification-System/data/supplement_candidates/plastic/GD_plastic_1021.jpg,manual_review_then_add_to_train
plastic,GD,/Users/sylviachan/Desktop/機器學習/分組/Garbage-Classification-System/data/raw_data/GD.zip,original/plastic/plastic_1501.jpg,GD_plastic_1501.jpg,/Users/sylviachan/Desktop/機器學習/分組/Garbage-Classification-System/data/supplement_candidates/plastic/GD_plastic_1501.jpg,manual_review_then_add_to_train
plastic,GD,/Users/sylviachan/Desktop/機器學習/分組/Garbage-Classification-System/data/raw_data/GD.zip,original/plastic/plastic_1478.jpg,GD_plastic_1478.jpg,/Users/sylviachan/Desktop/機器學習/分組/Garbage-Classification-System/data/supplement_candidates/plastic/GD_plastic_1478.jpg,manual_review_then_add_to_train
plastic,GD,/Users/sylviachan/Desktop/機器學習/分組/Garbage-Classification-System/data/raw_data/GD.zip,original/plastic/plastic_1472.jpg,GD_plastic_1472.jpg,/Users/sylviachan/Desktop/機器學習/分組/Garbage-Classification-System/data/supplement_candidates/plastic/GD_plastic_1472.jpg,manual_review_then_add_to_train
plastic,GD,/Users/sylviachan/Desktop/機器學習/分組/Garbage-Classification-System/data/raw_data/GD.zip,original/plastic/plastic_1422.jpg,GD_plastic_1422.jpg,/Users/sylviachan/Desktop/機器學習/分組/Garbage-Classification-System/data/supplement_candidates/plastic/GD_plastic_1422.jpg,manual_review_then_add_to_train
plastic,GD,/Users/sylviachan/Desktop/機器學習/分組/Garbage-Classification-System/data/raw_data/GD.zip,original/plastic/plastic_850.jpg,GD_plastic_850.jpg,/Users/sylviachan/Desktop/機器學習/分組/Garbage-Classification-System/data/supplement_candidates/plastic/GD_plastic_850.jpg,manual_review_then_add_to_train
plastic,GD,/Users/sylviachan/Desktop/機器學習/分組/Garbage-Classification-System/data/raw_data/GD.zip,original/plastic/plastic_1285.jpg,GD_plastic_1285.jpg,/Users/sylviachan/Desktop/機器學習/分組/Garbage-Classification-System/data/supplement_candidates/plastic/GD_plastic_1285.jpg,manual_review_then_add_to_train
plastic,GD,/Users/sylviachan/Desktop/機器學習/分組/Garbage-Classification-System/data/raw_data/GD.zip,original/plastic/plastic_1263.jpg,GD_plastic_1263.jpg,/Users/sylviachan/Desktop/機器學習/分組/Garbage-Classification-System/data/supplement_candidates/plastic/GD_plastic_1263.jpg,manual_review_then_add_to_train
plastic,GD,/Users/sylviachan/Desktop/機器學習/分組/Garbage-Classification-System/data/raw_data/GD.zip,original/plastic/plastic_1015.jpg,GD_plastic_1015.jpg,/Users/sylviachan/Desktop/機器學習/分組/Garbage-Classification-System/data/supplement_candidates/plastic/GD_plastic_1015.jpg,manual_review_then_add_to_train
plastic,GD,/Users/sylviachan/Desktop/機器學習/分組/Garbage-Classification-System/data/raw_data/GD.zip,original/plastic/plastic_1308.jpg,GD_plastic_1308.jpg,/Users/sylviachan/Desktop/機器學習/分組/Garbage-Classification-System/data/supplement_candidates/plastic/GD_plastic_1308.jpg,manual_review_then_add_to_train
plastic,GD,/Users/sylviachan/Desktop/機器學習/分組/Garbage-Classification-System/data/raw_data/GD.zip,original/plastic/plastic_1274.jpg,GD_plastic_1274.jpg,/Users/sylviachan/Desktop/機器學習/分組/Garbage-Classification-System/data/supplement_candidates/plastic/GD_plastic_1274.jpg,manual_review_then_add_to_train
plastic,GD,/Users/sylviachan/Desktop/機器學習/分組/Garbage-Classification-System/data/raw_data/GD.zip,original/plastic/plastic_1539.jpg,GD_plastic_1539.jpg,/Users/sylviachan/Desktop/機器學習/分組/Garbage-Classification-System/data/supplement_candidates/plastic/GD_plastic_1539.jpg,manual_review_then_add_to_train
plastic,GD,/Users/sylviachan/Desktop/機器學習/分組/Garbage-Classification-System/data/raw_data/GD.zip,original/plastic/plastic_1583.jpg,GD_plastic_1583.jpg,/Users/sylviachan/Desktop/機器學習/分組/Garbage-Classification-System/data/supplement_candidates/plastic/GD_plastic_1583.jpg,manual_review_then_add_to_train
plastic,GD,/Users/sylviachan/Desktop/機器學習/分組/Garbage-Classification-System/data/raw_data/GD.zip,original/plastic/plastic_928.jpg,GD_plastic_928.jpg,/Users/sylviachan/Desktop/機器學習/分組/Garbage-Classification-System/data/supplement_candidates/plastic/GD_plastic_928.jpg,manual_review_then_add_to_train
plastic,GD,/Users/sylviachan/Desktop/機器學習/分組/Garbage-Classification-System/data/raw_data/GD.zip,original/plastic/plastic_1260.jpg,GD_plastic_1260.jpg,/Users/sylviachan/Desktop/機器學習/分組/Garbage-Classification-System/data/supplement_candidates/plastic/GD_plastic_1260.jpg,manual_review_then_add_to_train
plastic,GD,/Users/sylviachan/Desktop/機器學習/分組/Garbage-Classification-System/data/raw_data/GD.zip,original/plastic/plastic_853.jpg,GD_plastic_853.jpg,/Users/sylviachan/Desktop/機器學習/分組/Garbage-Classification-System/data/supplement_candidates/plastic/GD_plastic_853.jpg,manual_review_then_add_to_train
plastic,GD,/Users/sylviachan/Desktop/機器學習/分組/Garbage-Classification-System/data/raw_data/GD.zip,original/plastic/plastic_1279.jpg,GD_plastic_1279.jpg,/Users/sylviachan/Desktop/機器學習/分組/Garbage-Classification-System/data/supplement_candidates/plastic/GD_plastic_1279.jpg,manual_review_then_add_to_train
plastic,GD,/Users/sylviachan/Desktop/機器學習/分組/Garbage-Classification-System/data/raw_data/GD.zip,original/plastic/plastic_1241.jpg,GD_plastic_1241.jpg,/Users/sylviachan/Desktop/機器學習/分組/Garbage-Classification-System/data/supplement_candidates/plastic/GD_plastic_1241.jpg,manual_review_then_add_to_train
plastic,GD,/Users/sylviachan/Desktop/機器學習/分組/Garbage-Classification-System/data/raw_data/GD.zip,original/plastic/plastic_1572.jpg,GD_plastic_1572.jpg,/Users/sylviachan/Desktop/機器學習/分組/Garbage-Classification-System/data/supplement_candidates/plastic/GD_plastic_1572.jpg,manual_review_then_add_to_train
plastic,GD,/Users/sylviachan/Desktop/機器學習/分組/Garbage-Classification-System/data/raw_data/GD.zip,original/plastic/plastic_1593.jpg,GD_plastic_1593.jpg,/Users/sylviachan/Desktop/機器學習/分組/Garbage-Classification-System/data/supplement_candidates/plastic/GD_plastic_1593.jpg,manual_review_then_add_to_train
plastic,GD,/Users/sylviachan/Desktop/機器學習/分組/Garbage-Classification-System/data/raw_data/GD.zip,original/plastic/plastic_971.jpg,GD_plastic_971.jpg,/Users/sylviachan/Desktop/機器學習/分組/Garbage-Classification-System/data/supplement_candidates/plastic/GD_plastic_971.jpg,manual_review_then_add_to_train
plastic,GD,/Users/sylviachan/Desktop/機器學習/分組/Garbage-Classification-System/data/raw_data/GD.zip,original/plastic/plastic_1083.jpg,GD_plastic_1083.jpg,/Users/sylviachan/Desktop/機器學習/分組/Garbage-Classification-System/data/supplement_candidates/plastic/GD_plastic_1083.jpg,manual_review_then_add_to_train
plastic,GD,/Users/sylviachan/Desktop/機器學習/分組/Garbage-Classification-System/data/raw_data/GD.zip,original/plastic/plastic_1284.jpg,GD_plastic_1284.jpg,/Users/sylviachan/Desktop/機器學習/分組/Garbage-Classification-System/data/supplement_candidates/plastic/GD_plastic_1284.jpg,manual_review_then_add_to_train
plastic,GD,/Users/sylviachan/Desktop/機器學習/分組/Garbage-Classification-System/data/raw_data/GD.zip,original/plastic/plastic_1557.jpg,GD_plastic_1557.jpg,/Users/sylviachan/Desktop/機器學習/分組/Garbage-Classification-System/data/supplement_candidates/plastic/GD_plastic_1557.jpg,manual_review_then_add_to_train
plastic,GD,/Users/sylviachan/Desktop/機器學習/分組/Garbage-Classification-System/data/raw_data/GD.zip,original/plastic/plastic_1379.jpg,GD_plastic_1379.jpg,/Users/sylviachan/Desktop/機器學習/分組/Garbage-Classification-System/data/supplement_candidates/plastic/GD_plastic_1379.jpg,manual_review_then_add_to_train
plastic,GD,/Users/sylviachan/Desktop/機器學習/分組/Garbage-Classification-System/data/raw_data/GD.zip,original/plastic/plastic_1368.jpg,GD_plastic_1368.jpg,/Users/sylviachan/Desktop/機器學習/分組/Garbage-Classification-System/data/supplement_candidates/plastic/GD_plastic_1368.jpg,manual_review_then_add_to_train
plastic,GD,/Users/sylviachan/Desktop/機器學習/分組/Garbage-Classification-System/data/raw_data/GD.zip,original/plastic/plastic_994.jpg,GD_plastic_994.jpg,/Users/sylviachan/Desktop/機器學習/分組/Garbage-Classification-System/data/supplement_candidates/plastic/GD_plastic_994.jpg,manual_review_then_add_to_train
plastic,GD,/Users/sylviachan/Desktop/機器學習/分組/Garbage-Classification-System/data/raw_data/GD.zip,original/plastic/plastic_1415.jpg,GD_plastic_1415.jpg,/Users/sylviachan/Desktop/機器學習/分組/Garbage-Classification-System/data/supplement_candidates/plastic/GD_plastic_1415.jpg,manual_review_then_add_to_train
plastic,GD,/Users/sylviachan/Desktop/機器學習/分組/Garbage-Classification-System/data/raw_data/GD.zip,original/plastic/plastic_1538.jpg,GD_plastic_1538.jpg,/Users/sylviachan/Desktop/機器學習/分組/Garbage-Classification-System/data/supplement_candidates/plastic/GD_plastic_1538.jpg,manual_review_then_add_to_train
plastic,GD,/Users/sylviachan/Desktop/機器學習/分組/Garbage-Classification-System/data/raw_data/GD.zip,original/plastic/plastic_1094.jpg,GD_plastic_1094.jpg,/Users/sylviachan/Desktop/機器學習/分組/Garbage-Classification-System/data/supplement_candidates/plastic/GD_plastic_1094.jpg,manual_review_then_add_to_train
plastic,GD,/Users/sylviachan/Desktop/機器學習/分組/Garbage-Classification-System/data/raw_data/GD.zip,original/plastic/plastic_1347.jpg,GD_plastic_1347.jpg,/Users/sylviachan/Desktop/機器學習/分組/Garbage-Classification-System/data/supplement_candidates/plastic/GD_plastic_1347.jpg,manual_review_then_add_to_train
plastic,GD,/Users/sylviachan/Desktop/機器學習/分組/Garbage-Classification-System/data/raw_data/GD.zip,original/plastic/plastic_1586.jpg,GD_plastic_1586.jpg,/Users/sylviachan/Desktop/機器學習/分組/Garbage-Classification-System/data/supplement_candidates/plastic/GD_plastic_1586.jpg,manual_review_then_add_to_train
glass,TrashNet,/Users/sylviachan/Desktop/機器學習/分組/Garbage-Classification-System/data/raw_data/Trashnet.zip,dataset-resized/glass/glass206.jpg,TN_glass_206.jpg,/Users/sylviachan/Desktop/機器學習/分組/Garbage-Classification-System/data/supplement_candidates/glass/TN_glass_206.jpg,manual_review_then_add_to_train
glass,TrashNet,/Users/sylviachan/Desktop/機器學習/分組/Garbage-Classification-System/data/raw_data/Trashnet.zip,dataset-resized/glass/glass375.jpg,TN_glass_375.jpg,/Users/sylviachan/Desktop/機器學習/分組/Garbage-Classification-System/data/supplement_candidates/glass/TN_glass_375.jpg,manual_review_then_add_to_train
glass,TrashNet,/Users/sylviachan/Desktop/機器學習/分組/Garbage-Classification-System/data/raw_data/Trashnet.zip,dataset-resized/glass/glass2.jpg,TN_glass_2.jpg,/Users/sylviachan/Desktop/機器學習/分組/Garbage-Classification-System/data/supplement_candidates/glass/TN_glass_2.jpg,manual_review_then_add_to_train
glass,TrashNet,/Users/sylviachan/Desktop/機器學習/分組/Garbage-Classification-System/data/raw_data/Trashnet.zip,dataset-resized/glass/glass404.jpg,TN_glass_404.jpg,/Users/sylviachan/Desktop/機器學習/分組/Garbage-Classification-System/data/supplement_candidates/glass/TN_glass_404.jpg,manual_review_then_add_to_train
glass,TrashNet,/Users/sylviachan/Desktop/機器學習/分組/Garbage-Classification-System/data/raw_data/Trashnet.zip,dataset-resized/glass/glass494.jpg,TN_glass_494.jpg,/Users/sylviachan/Desktop/機器學習/分組/Garbage-Classification-System/data/supplement_candidates/glass/TN_glass_494.jpg,manual_review_then_add_to_train
glass,TrashNet,/Users/sylviachan/Desktop/機器學習/分組/Garbage-Classification-System/data/raw_data/Trashnet.zip,dataset-resized/glass/glass155.jpg,TN_glass_155.jpg,/Users/sylviachan/Desktop/機器學習/分組/Garbage-Classification-System/data/supplement_candidates/glass/TN_glass_155.jpg,manual_review_then_add_to_train
glass,TrashNet,/Users/sylviachan/Desktop/機器學習/分組/Garbage-Classification-System/data/raw_data/Trashnet.zip,dataset-resized/glass/glass281.jpg,TN_glass_281.jpg,/Users/sylviachan/Desktop/機器學習/分組/Garbage-Classification-System/data/supplement_candidates/glass/TN_glass_281.jpg,manual_review_then_add_to_train
glass,TrashNet,/Users/sylviachan/Desktop/機器學習/分組/Garbage-Classification-System/data/raw_data/Trashnet.zip,dataset-resized/glass/glass305.jpg,TN_glass_305.jpg,/Users/sylviachan/Desktop/機器學習/分組/Garbage-Classification-System/data/supplement_candidates/glass/TN_glass_305.jpg,manual_review_then_add_to_train
glass,TrashNet,/Users/sylviachan/Desktop/機器學習/分組/Garbage-Classification-System/data/raw_data/Trashnet.zip,dataset-resized/glass/glass371.jpg,TN_glass_371.jpg,/Users/sylviachan/Desktop/機器學習/分組/Garbage-Classification-System/data/supplement_candidates/glass/TN_glass_371.jpg,manual_review_then_add_to_train
glass,TrashNet,/Users/sylviachan/Desktop/機器學習/分組/Garbage-Classification-System/data/raw_data/Trashnet.zip,dataset-resized/glass/glass185.jpg,TN_glass_185.jpg,/Users/sylviachan/Desktop/機器學習/分組/Garbage-Classification-System/data/supplement_candidates/glass/TN_glass_185.jpg,manual_review_then_add_to_train
glass,TrashNet,/Users/sylviachan/Desktop/機器學習/分組/Garbage-Classification-System/data/raw_data/Trashnet.zip,dataset-resized/glass/glass389.jpg,TN_glass_389.jpg,/Users/sylviachan/Desktop/機器學習/分組/Garbage-Classification-System/data/supplement_candidates/glass/TN_glass_389.jpg,manual_review_then_add_to_train
glass,TrashNet,/Users/sylviachan/Desktop/機器學習/分組/Garbage-Classification-System/data/raw_data/Trashnet.zip,dataset-resized/glass/glass253.jpg,TN_glass_253.jpg,/Users/sylviachan/Desktop/機器學習/分組/Garbage-Classification-System/data/supplement_candidates/glass/TN_glass_253.jpg,manual_review_then_add_to_train
glass,TrashNet,/Users/sylviachan/Desktop/機器學習/分組/Garbage-Classification-System/data/raw_data/Trashnet.zip,dataset-resized/glass/glass120.jpg,TN_glass_120.jpg,/Users/sylviachan/Desktop/機器學習/分組/Garbage-Classification-System/data/supplement_candidates/glass/TN_glass_120.jpg,manual_review_then_add_to_train
glass,TrashNet,/Users/sylviachan/Desktop/機器學習/分組/Garbage-Classification-System/data/raw_data/Trashnet.zip,dataset-resized/glass/glass194.jpg,TN_glass_194.jpg,/Users/sylviachan/Desktop/機器學習/分組/Garbage-Classification-System/data/supplement_candidates/glass/TN_glass_194.jpg,manual_review_then_add_to_train
glass,TrashNet,/Users/sylviachan/Desktop/機器學習/分組/Garbage-Classification-System/data/raw_data/Trashnet.zip,dataset-resized/glass/glass332.jpg,TN_glass_332.jpg,/Users/sylviachan/Desktop/機器學習/分組/Garbage-Classification-System/data/supplement_candidates/glass/TN_glass_332.jpg,manual_review_then_add_to_train
glass,TrashNet,/Users/sylviachan/Desktop/機器學習/分組/Garbage-Classification-System/data/raw_data/Trashnet.zip,dataset-resized/glass/glass489.jpg,TN_glass_489.jpg,/Users/sylviachan/Desktop/機器學習/分組/Garbage-Classification-System/data/supplement_candidates/glass/TN_glass_489.jpg,manual_review_then_add_to_train
glass,TrashNet,/Users/sylviachan/Desktop/機器學習/分組/Garbage-Classification-System/data/raw_data/Trashnet.zip,dataset-resized/glass/glass432.jpg,TN_glass_432.jpg,/Users/sylviachan/Desktop/機器學習/分組/Garbage-Classification-System/data/supplement_candidates/glass/TN_glass_432.jpg,manual_review_then_add_to_train
glass,TrashNet,/Users/sylviachan/Desktop/機器學習/分組/Garbage-Classification-System/data/raw_data/Trashnet.zip,dataset-resized/glass/glass326.jpg,TN_glass_326.jpg,/Users/sylviachan/Desktop/機器學習/分組/Garbage-Classification-System/data/supplement_candidates/glass/TN_glass_326.jpg,manual_review_then_add_to_train
glass,TrashNet,/Users/sylviachan/Desktop/機器學習/分組/Garbage-Classification-System/data/raw_data/Trashnet.zip,dataset-resized/glass/glass214.jpg,TN_glass_214.jpg,/Users/sylviachan/Desktop/機器學習/分組/Garbage-Classification-System/data/supplement_candidates/glass/TN_glass_214.jpg,manual_review_then_add_to_train
glass,TrashNet,/Users/sylviachan/Desktop/機器學習/分組/Garbage-Classification-System/data/raw_data/Trashnet.zip,dataset-resized/glass/glass334.jpg,TN_glass_334.jpg,/Users/sylviachan/Desktop/機器學習/分組/Garbage-Classification-System/data/supplement_candidates/glass/TN_glass_334.jpg,manual_review_then_add_to_train
glass,TrashNet,/Users/sylviachan/Desktop/機器學習/分組/Garbage-Classification-System/data/raw_data/Trashnet.zip,dataset-resized/glass/glass482.jpg,TN_glass_482.jpg,/Users/sylviachan/Desktop/機器學習/分組/Garbage-Classification-System/data/supplement_candidates/glass/TN_glass_482.jpg,manual_review_then_add_to_train
glass,TrashNet,/Users/sylviachan/Desktop/機器學習/分組/Garbage-Classification-System/data/raw_data/Trashnet.zip,dataset-resized/glass/glass286.jpg,TN_glass_286.jpg,/Users/sylviachan/Desktop/機器學習/分組/Garbage-Classification-System/data/supplement_candidates/glass/TN_glass_286.jpg,manual_review_then_add_to_train
glass,TrashNet,/Users/sylviachan/Desktop/機器學習/分組/Garbage-Classification-System/data/raw_data/Trashnet.zip,dataset-resized/glass/glass139.jpg,TN_glass_139.jpg,/Users/sylviachan/Desktop/機器學習/分組/Garbage-Classification-System/data/supplement_candidates/glass/TN_glass_139.jpg,manual_review_then_add_to_train
glass,TrashNet,/Users/sylviachan/Desktop/機器學習/分組/Garbage-Classification-System/data/raw_data/Trashnet.zip,dataset-resized/glass/glass66.jpg,TN_glass_66.jpg,/Users/sylviachan/Desktop/機器學習/分組/Garbage-Classification-System/data/supplement_candidates/glass/TN_glass_66.jpg,manual_review_then_add_to_train
glass,TrashNet,/Users/sylviachan/Desktop/機器學習/分組/Garbage-Classification-System/data/raw_data/Trashnet.zip,dataset-resized/glass/glass315.jpg,TN_glass_315.jpg,/Users/sylviachan/Desktop/機器學習/分組/Garbage-Classification-System/data/supplement_candidates/glass/TN_glass_315.jpg,manual_review_then_add_to_train
glass,TrashNet,/Users/sylviachan/Desktop/機器學習/分組/Garbage-Classification-System/data/raw_data/Trashnet.zip,dataset-resized/glass/glass175.jpg,TN_glass_175.jpg,/Users/sylviachan/Desktop/機器學習/分組/Garbage-Classification-System/data/supplement_candidates/glass/TN_glass_175.jpg,manual_review_then_add_to_train
glass,TrashNet,/Users/sylviachan/Desktop/機器學習/分組/Garbage-Classification-System/data/raw_data/Trashnet.zip,dataset-resized/glass/glass497.jpg,TN_glass_497.jpg,/Users/sylviachan/Desktop/機器學習/分組/Garbage-Classification-System/data/supplement_candidates/glass/TN_glass_497.jpg,manual_review_then_add_to_train
glass,TrashNet,/Users/sylviachan/Desktop/機器學習/分組/Garbage-Classification-System/data/raw_data/Trashnet.zip,dataset-resized/glass/glass448.jpg,TN_glass_448.jpg,/Users/sylviachan/Desktop/機器學習/分組/Garbage-Classification-System/data/supplement_candidates/glass/TN_glass_448.jpg,manual_review_then_add_to_train
glass,TrashNet,/Users/sylviachan/Desktop/機器學習/分組/Garbage-Classification-System/data/raw_data/Trashnet.zip,dataset-resized/glass/glass338.jpg,TN_glass_338.jpg,/Users/sylviachan/Desktop/機器學習/分組/Garbage-Classification-System/data/supplement_candidates/glass/TN_glass_338.jpg,manual_review_then_add_to_train
glass,TrashNet,/Users/sylviachan/Desktop/機器學習/分組/Garbage-Classification-System/data/raw_data/Trashnet.zip,dataset-resized/glass/glass172.jpg,TN_glass_172.jpg,/Users/sylviachan/Desktop/機器學習/分組/Garbage-Classification-System/data/supplement_candidates/glass/TN_glass_172.jpg,manual_review_then_add_to_train
glass,TrashNet,/Users/sylviachan/Desktop/機器學習/分組/Garbage-Classification-System/data/raw_data/Trashnet.zip,dataset-resized/glass/glass284.jpg,TN_glass_284.jpg,/Users/sylviachan/Desktop/機器學習/分組/Garbage-Classification-System/data/supplement_candidates/glass/TN_glass_284.jpg,manual_review_then_add_to_train
glass,TrashNet,/Users/sylviachan/Desktop/機器學習/分組/Garbage-Classification-System/data/raw_data/Trashnet.zip,dataset-resized/glass/glass270.jpg,TN_glass_270.jpg,/Users/sylviachan/Desktop/機器學習/分組/Garbage-Classification-System/data/supplement_candidates/glass/TN_glass_270.jpg,manual_review_then_add_to_train
glass,TrashNet,/Users/sylviachan/Desktop/機器學習/分組/Garbage-Classification-System/data/raw_data/Trashnet.zip,dataset-resized/glass/glass486.jpg,TN_glass_486.jpg,/Users/sylviachan/Desktop/機器學習/分組/Garbage-Classification-System/data/supplement_candidates/glass/TN_glass_486.jpg,manual_review_then_add_to_train
glass,TrashNet,/Users/sylviachan/Desktop/機器學習/分組/Garbage-Classification-System/data/raw_data/Trashnet.zip,dataset-resized/glass/glass368.jpg,TN_glass_368.jpg,/Users/sylviachan/Desktop/機器學習/分組/Garbage-Classification-System/data/supplement_candidates/glass/TN_glass_368.jpg,manual_review_then_add_to_train
glass,TrashNet,/Users/sylviachan/Desktop/機器學習/分組/Garbage-Classification-System/data/raw_data/Trashnet.zip,dataset-resized/glass/glass95.jpg,TN_glass_95.jpg,/Users/sylviachan/Desktop/機器學習/分組/Garbage-Classification-System/data/supplement_candidates/glass/TN_glass_95.jpg,manual_review_then_add_to_train
glass,TrashNet,/Users/sylviachan/Desktop/機器學習/分組/Garbage-Classification-System/data/raw_data/Trashnet.zip,dataset-resized/glass/glass277.jpg,TN_glass_277.jpg,/Users/sylviachan/Desktop/機器學習/分組/Garbage-Classification-System/data/supplement_candidates/glass/TN_glass_277.jpg,manual_review_then_add_to_train
glass,TrashNet,/Users/sylviachan/Desktop/機器學習/分組/Garbage-Classification-System/data/raw_data/Trashnet.zip,dataset-resized/glass/glass200.jpg,TN_glass_200.jpg,/Users/sylviachan/Desktop/機器學習/分組/Garbage-Classification-System/data/supplement_candidates/glass/TN_glass_200.jpg,manual_review_then_add_to_train
glass,TrashNet,/Users/sylviachan/Desktop/機器學習/分組/Garbage-Classification-System/data/raw_data/Trashnet.zip,dataset-resized/glass/glass437.jpg,TN_glass_437.jpg,/Users/sylviachan/Desktop/機器學習/分組/Garbage-Classification-System/data/supplement_candidates/glass/TN_glass_437.jpg,manual_review_then_add_to_train
glass,TrashNet,/Users/sylviachan/Desktop/機器學習/分組/Garbage-Classification-System/data/raw_data/Trashnet.zip,dataset-resized/glass/glass333.jpg,TN_glass_333.jpg,/Users/sylviachan/Desktop/機器學習/分組/Garbage-Classification-System/data/supplement_candidates/glass/TN_glass_333.jpg,manual_review_then_add_to_train
glass,TrashNet,/Users/sylviachan/Desktop/機器學習/分組/Garbage-Classification-System/data/raw_data/Trashnet.zip,dataset-resized/glass/glass301.jpg,TN_glass_301.jpg,/Users/sylviachan/Desktop/機器學習/分組/Garbage-Classification-System/data/supplement_candidates/glass/TN_glass_301.jpg,manual_review_then_add_to_train
glass,GD,/Users/sylviachan/Desktop/機器學習/分組/Garbage-Classification-System/data/raw_data/GD.zip,original/glass/glass_1452.jpg,GD_glass_1452.jpg,/Users/sylviachan/Desktop/機器學習/分組/Garbage-Classification-System/data/supplement_candidates/glass/GD_glass_1452.jpg,manual_review_then_add_to_train
glass,GD,/Users/sylviachan/Desktop/機器學習/分組/Garbage-Classification-System/data/raw_data/GD.zip,original/glass/glass_1062.jpg,GD_glass_1062.jpg,/Users/sylviachan/Desktop/機器學習/分組/Garbage-Classification-System/data/supplement_candidates/glass/GD_glass_1062.jpg,manual_review_then_add_to_train
glass,GD,/Users/sylviachan/Desktop/機器學習/分組/Garbage-Classification-System/data/raw_data/GD.zip,original/glass/glass_1438.jpg,GD_glass_1438.jpg,/Users/sylviachan/Desktop/機器學習/分組/Garbage-Classification-System/data/supplement_candidates/glass/GD_glass_1438.jpg,manual_review_then_add_to_train
glass,GD,/Users/sylviachan/Desktop/機器學習/分組/Garbage-Classification-System/data/raw_data/GD.zip,original/glass/glass_1145.jpg,GD_glass_1145.jpg,/Users/sylviachan/Desktop/機器學習/分組/Garbage-Classification-System/data/supplement_candidates/glass/GD_glass_1145.jpg,manual_review_then_add_to_train
glass,GD,/Users/sylviachan/Desktop/機器學習/分組/Garbage-Classification-System/data/raw_data/GD.zip,original/glass/glass_1430.jpg,GD_glass_1430.jpg,/Users/sylviachan/Desktop/機器學習/分組/Garbage-Classification-System/data/supplement_candidates/glass/GD_glass_1430.jpg,manual_review_then_add_to_train
glass,GD,/Users/sylviachan/Desktop/機器學習/分組/Garbage-Classification-System/data/raw_data/GD.zip,original/glass/glass_1412.jpg,GD_glass_1412.jpg,/Users/sylviachan/Desktop/機器學習/分組/Garbage-Classification-System/data/supplement_candidates/glass/GD_glass_1412.jpg,manual_review_then_add_to_train
glass,GD,/Users/sylviachan/Desktop/機器學習/分組/Garbage-Classification-System/data/raw_data/GD.zip,original/glass/glass_1730.jpg,GD_glass_1730.jpg,/Users/sylviachan/Desktop/機器學習/分組/Garbage-Classification-System/data/supplement_candidates/glass/GD_glass_1730.jpg,manual_review_then_add_to_train
glass,GD,/Users/sylviachan/Desktop/機器學習/分組/Garbage-Classification-System/data/raw_data/GD.zip,original/glass/glass_929.jpg,GD_glass_929.jpg,/Users/sylviachan/Desktop/機器學習/分組/Garbage-Classification-System/data/supplement_candidates/glass/GD_glass_929.jpg,manual_review_then_add_to_train
glass,GD,/Users/sylviachan/Desktop/機器學習/分組/Garbage-Classification-System/data/raw_data/GD.zip,original/glass/glass_916.jpg,GD_glass_916.jpg,/Users/sylviachan/Desktop/機器學習/分組/Garbage-Classification-System/data/supplement_candidates/glass/GD_glass_916.jpg,manual_review_then_add_to_train
glass,GD,/Users/sylviachan/Desktop/機器學習/分組/Garbage-Classification-System/data/raw_data/GD.zip,original/glass/glass_1090.jpg,GD_glass_1090.jpg,/Users/sylviachan/Desktop/機器學習/分組/Garbage-Classification-System/data/supplement_candidates/glass/GD_glass_1090.jpg,manual_review_then_add_to_train
glass,GD,/Users/sylviachan/Desktop/機器學習/分組/Garbage-Classification-System/data/raw_data/GD.zip,original/glass/glass_912.jpg,GD_glass_912.jpg,/Users/sylviachan/Desktop/機器學習/分組/Garbage-Classification-System/data/supplement_candidates/glass/GD_glass_912.jpg,manual_review_then_add_to_train
glass,GD,/Users/sylviachan/Desktop/機器學習/分組/Garbage-Classification-System/data/raw_data/GD.zip,original/glass/glass_1123.jpg,GD_glass_1123.jpg,/Users/sylviachan/Desktop/機器學習/分組/Garbage-Classification-System/data/supplement_candidates/glass/GD_glass_1123.jpg,manual_review_then_add_to_train
glass,GD,/Users/sylviachan/Desktop/機器學習/分組/Garbage-Classification-System/data/raw_data/GD.zip,original/glass/glass_1396.jpg,GD_glass_1396.jpg,/Users/sylviachan/Desktop/機器學習/分組/Garbage-Classification-System/data/supplement_candidates/glass/GD_glass_1396.jpg,manual_review_then_add_to_train
glass,GD,/Users/sylviachan/Desktop/機器學習/分組/Garbage-Classification-System/data/raw_data/GD.zip,original/glass/glass_1659.jpg,GD_glass_1659.jpg,/Users/sylviachan/Desktop/機器學習/分組/Garbage-Classification-System/data/supplement_candidates/glass/GD_glass_1659.jpg,manual_review_then_add_to_train
glass,GD,/Users/sylviachan/Desktop/機器學習/分組/Garbage-Classification-System/data/raw_data/GD.zip,original/glass/glass_1028.jpg,GD_glass_1028.jpg,/Users/sylviachan/Desktop/機器學習/分組/Garbage-Classification-System/data/supplement_candidates/glass/GD_glass_1028.jpg,manual_review_then_add_to_train
glass,GD,/Users/sylviachan/Desktop/機器學習/分組/Garbage-Classification-System/data/raw_data/GD.zip,original/glass/glass_1351.jpg,GD_glass_1351.jpg,/Users/sylviachan/Desktop/機器學習/分組/Garbage-Classification-System/data/supplement_candidates/glass/GD_glass_1351.jpg,manual_review_then_add_to_train
glass,GD,/Users/sylviachan/Desktop/機器學習/分組/Garbage-Classification-System/data/raw_data/GD.zip,original/glass/glass_1283.jpg,GD_glass_1283.jpg,/Users/sylviachan/Desktop/機器學習/分組/Garbage-Classification-System/data/supplement_candidates/glass/GD_glass_1283.jpg,manual_review_then_add_to_train
glass,GD,/Users/sylviachan/Desktop/機器學習/分組/Garbage-Classification-System/data/raw_data/GD.zip,original/glass/glass_1129.jpg,GD_glass_1129.jpg,/Users/sylviachan/Desktop/機器學習/分組/Garbage-Classification-System/data/supplement_candidates/glass/GD_glass_1129.jpg,manual_review_then_add_to_train
glass,GD,/Users/sylviachan/Desktop/機器學習/分組/Garbage-Classification-System/data/raw_data/GD.zip,original/glass/glass_1716.jpg,GD_glass_1716.jpg,/Users/sylviachan/Desktop/機器學習/分組/Garbage-Classification-System/data/supplement_candidates/glass/GD_glass_1716.jpg,manual_review_then_add_to_train
glass,GD,/Users/sylviachan/Desktop/機器學習/分組/Garbage-Classification-System/data/raw_data/GD.zip,original/glass/glass_1039.jpg,GD_glass_1039.jpg,/Users/sylviachan/Desktop/機器學習/分組/Garbage-Classification-System/data/supplement_candidates/glass/GD_glass_1039.jpg,manual_review_then_add_to_train
glass,GD,/Users/sylviachan/Desktop/機器學習/分組/Garbage-Classification-System/data/raw_data/GD.zip,original/glass/glass_1590.jpg,GD_glass_1590.jpg,/Users/sylviachan/Desktop/機器學習/分組/Garbage-Classification-System/data/supplement_candidates/glass/GD_glass_1590.jpg,manual_review_then_add_to_train
glass,GD,/Users/sylviachan/Desktop/機器學習/分組/Garbage-Classification-System/data/raw_data/GD.zip,original/glass/glass_1391.jpg,GD_glass_1391.jpg,/Users/sylviachan/Desktop/機器學習/分組/Garbage-Classification-System/data/supplement_candidates/glass/GD_glass_1391.jpg,manual_review_then_add_to_train
glass,GD,/Users/sylviachan/Desktop/機器學習/分組/Garbage-Classification-System/data/raw_data/GD.zip,original/glass/glass_997.jpg,GD_glass_997.jpg,/Users/sylviachan/Desktop/機器學習/分組/Garbage-Classification-System/data/supplement_candidates/glass/GD_glass_997.jpg,manual_review_then_add_to_train
glass,GD,/Users/sylviachan/Desktop/機器學習/分組/Garbage-Classification-System/data/raw_data/GD.zip,original/glass/glass_1128.jpg,GD_glass_1128.jpg,/Users/sylviachan/Desktop/機器學習/分組/Garbage-Classification-System/data/supplement_candidates/glass/GD_glass_1128.jpg,manual_review_then_add_to_train
glass,GD,/Users/sylviachan/Desktop/機器學習/分組/Garbage-Classification-System/data/raw_data/GD.zip,original/glass/glass_954.jpg,GD_glass_954.jpg,/Users/sylviachan/Desktop/機器學習/分組/Garbage-Classification-System/data/supplement_candidates/glass/GD_glass_954.jpg,manual_review_then_add_to_train
glass,GD,/Users/sylviachan/Desktop/機器學習/分組/Garbage-Classification-System/data/raw_data/GD.zip,original/glass/glass_1155.jpg,GD_glass_1155.jpg,/Users/sylviachan/Desktop/機器學習/分組/Garbage-Classification-System/data/supplement_candidates/glass/GD_glass_1155.jpg,manual_review_then_add_to_train
glass,GD,/Users/sylviachan/Desktop/機器學習/分組/Garbage-Classification-System/data/raw_data/GD.zip,original/glass/glass_1420.jpg,GD_glass_1420.jpg,/Users/sylviachan/Desktop/機器學習/分組/Garbage-Classification-System/data/supplement_candidates/glass/GD_glass_1420.jpg,manual_review_then_add_to_train
glass,GD,/Users/sylviachan/Desktop/機器學習/分組/Garbage-Classification-System/data/raw_data/GD.zip,original/glass/glass_1165.jpg,GD_glass_1165.jpg,/Users/sylviachan/Desktop/機器學習/分組/Garbage-Classification-System/data/supplement_candidates/glass/GD_glass_1165.jpg,manual_review_then_add_to_train
glass,GD,/Users/sylviachan/Desktop/機器學習/分組/Garbage-Classification-System/data/raw_data/GD.zip,original/glass/glass_1119.jpg,GD_glass_1119.jpg,/Users/sylviachan/Desktop/機器學習/分組/Garbage-Classification-System/data/supplement_candidates/glass/GD_glass_1119.jpg,manual_review_then_add_to_train
glass,GD,/Users/sylviachan/Desktop/機器學習/分組/Garbage-Classification-System/data/raw_data/GD.zip,original/glass/glass_1079.jpg,GD_glass_1079.jpg,/Users/sylviachan/Desktop/機器學習/分組/Garbage-Classification-System/data/supplement_candidates/glass/GD_glass_1079.jpg,manual_review_then_add_to_train
glass,GD,/Users/sylviachan/Desktop/機器學習/分組/Garbage-Classification-System/data/raw_data/GD.zip,original/glass/glass_1558.jpg,GD_glass_1558.jpg,/Users/sylviachan/Desktop/機器學習/分組/Garbage-Classification-System/data/supplement_candidates/glass/GD_glass_1558.jpg,manual_review_then_add_to_train
glass,GD,/Users/sylviachan/Desktop/機器學習/分組/Garbage-Classification-System/data/raw_data/GD.zip,original/glass/glass_1610.jpg,GD_glass_1610.jpg,/Users/sylviachan/Desktop/機器學習/分組/Garbage-Classification-System/data/supplement_candidates/glass/GD_glass_1610.jpg,manual_review_then_add_to_train
glass,GD,/Users/sylviachan/Desktop/機器學習/分組/Garbage-Classification-System/data/raw_data/GD.zip,original/glass/glass_918.jpg,GD_glass_918.jpg,/Users/sylviachan/Desktop/機器學習/分組/Garbage-Classification-System/data/supplement_candidates/glass/GD_glass_918.jpg,manual_review_then_add_to_train
glass,GD,/Users/sylviachan/Desktop/機器學習/分組/Garbage-Classification-System/data/raw_data/GD.zip,original/glass/glass_1073.jpg,GD_glass_1073.jpg,/Users/sylviachan/Desktop/機器學習/分組/Garbage-Classification-System/data/supplement_candidates/glass/GD_glass_1073.jpg,manual_review_then_add_to_train
glass,GD,/Users/sylviachan/Desktop/機器學習/分組/Garbage-Classification-System/data/raw_data/GD.zip,original/glass/glass_975.jpg,GD_glass_975.jpg,/Users/sylviachan/Desktop/機器學習/分組/Garbage-Classification-System/data/supplement_candidates/glass/GD_glass_975.jpg,manual_review_then_add_to_train
glass,GD,/Users/sylviachan/Desktop/機器學習/分組/Garbage-Classification-System/data/raw_data/GD.zip,original/glass/glass_1108.jpg,GD_glass_1108.jpg,/Users/sylviachan/Desktop/機器學習/分組/Garbage-Classification-System/data/supplement_candidates/glass/GD_glass_1108.jpg,manual_review_then_add_to_train
glass,GD,/Users/sylviachan/Desktop/機器學習/分組/Garbage-Classification-System/data/raw_data/GD.zip,original/glass/glass_844.jpg,GD_glass_844.jpg,/Users/sylviachan/Desktop/機器學習/分組/Garbage-Classification-System/data/supplement_candidates/glass/GD_glass_844.jpg,manual_review_then_add_to_train
glass,GD,/Users/sylviachan/Desktop/機器學習/分組/Garbage-Classification-System/data/raw_data/GD.zip,original/glass/glass_1262.jpg,GD_glass_1262.jpg,/Users/sylviachan/Desktop/機器學習/分組/Garbage-Classification-System/data/supplement_candidates/glass/GD_glass_1262.jpg,manual_review_then_add_to_train
glass,GD,/Users/sylviachan/Desktop/機器學習/分組/Garbage-Classification-System/data/raw_data/GD.zip,original/glass/glass_1240.jpg,GD_glass_1240.jpg,/Users/sylviachan/Desktop/機器學習/分組/Garbage-Classification-System/data/supplement_candidates/glass/GD_glass_1240.jpg,manual_review_then_add_to_train
glass,GD,/Users/sylviachan/Desktop/機器學習/分組/Garbage-Classification-System/data/raw_data/GD.zip,original/glass/glass_1045.jpg,GD_glass_1045.jpg,/Users/sylviachan/Desktop/機器學習/分組/Garbage-Classification-System/data/supplement_candidates/glass/GD_glass_1045.jpg,manual_review_then_add_to_train
metal,TrashNet,/Users/sylviachan/Desktop/機器學習/分組/Garbage-Classification-System/data/raw_data/Trashnet.zip,dataset-resized/metal/metal79.jpg,TN_metal_79.jpg,/Users/sylviachan/Desktop/機器學習/分組/Garbage-Classification-System/data/supplement_candidates/metal/TN_metal_79.jpg,manual_review_then_add_to_train
metal,TrashNet,/Users/sylviachan/Desktop/機器學習/分組/Garbage-Classification-System/data/raw_data/Trashnet.zip,dataset-resized/metal/metal11.jpg,TN_metal_11.jpg,/Users/sylviachan/Desktop/機器學習/分組/Garbage-Classification-System/data/supplement_candidates/metal/TN_metal_11.jpg,manual_review_then_add_to_train
metal,TrashNet,/Users/sylviachan/Desktop/機器學習/分組/Garbage-Classification-System/data/raw_data/Trashnet.zip,dataset-resized/metal/metal93.jpg,TN_metal_93.jpg,/Users/sylviachan/Desktop/機器學習/分組/Garbage-Classification-System/data/supplement_candidates/metal/TN_metal_93.jpg,manual_review_then_add_to_train
metal,TrashNet,/Users/sylviachan/Desktop/機器學習/分組/Garbage-Classification-System/data/raw_data/Trashnet.zip,dataset-resized/metal/metal176.jpg,TN_metal_176.jpg,/Users/sylviachan/Desktop/機器學習/分組/Garbage-Classification-System/data/supplement_candidates/metal/TN_metal_176.jpg,manual_review_then_add_to_train
metal,TrashNet,/Users/sylviachan/Desktop/機器學習/分組/Garbage-Classification-System/data/raw_data/Trashnet.zip,dataset-resized/metal/metal379.jpg,TN_metal_379.jpg,/Users/sylviachan/Desktop/機器學習/分組/Garbage-Classification-System/data/supplement_candidates/metal/TN_metal_379.jpg,manual_review_then_add_to_train
metal,TrashNet,/Users/sylviachan/Desktop/機器學習/分組/Garbage-Classification-System/data/raw_data/Trashnet.zip,dataset-resized/metal/metal399.jpg,TN_metal_399.jpg,/Users/sylviachan/Desktop/機器學習/分組/Garbage-Classification-System/data/supplement_candidates/metal/TN_metal_399.jpg,manual_review_then_add_to_train
metal,TrashNet,/Users/sylviachan/Desktop/機器學習/分組/Garbage-Classification-System/data/raw_data/Trashnet.zip,dataset-resized/metal/metal85.jpg,TN_metal_85.jpg,/Users/sylviachan/Desktop/機器學習/分組/Garbage-Classification-System/data/supplement_candidates/metal/TN_metal_85.jpg,manual_review_then_add_to_train
metal,TrashNet,/Users/sylviachan/Desktop/機器學習/分組/Garbage-Classification-System/data/raw_data/Trashnet.zip,dataset-resized/metal/metal41.jpg,TN_metal_41.jpg,/Users/sylviachan/Desktop/機器學習/分組/Garbage-Classification-System/data/supplement_candidates/metal/TN_metal_41.jpg,manual_review_then_add_to_train
metal,TrashNet,/Users/sylviachan/Desktop/機器學習/分組/Garbage-Classification-System/data/raw_data/Trashnet.zip,dataset-resized/metal/metal142.jpg,TN_metal_142.jpg,/Users/sylviachan/Desktop/機器學習/分組/Garbage-Classification-System/data/supplement_candidates/metal/TN_metal_142.jpg,manual_review_then_add_to_train
metal,TrashNet,/Users/sylviachan/Desktop/機器學習/分組/Garbage-Classification-System/data/raw_data/Trashnet.zip,dataset-resized/metal/metal161.jpg,TN_metal_161.jpg,/Users/sylviachan/Desktop/機器學習/分組/Garbage-Classification-System/data/supplement_candidates/metal/TN_metal_161.jpg,manual_review_then_add_to_train
metal,TrashNet,/Users/sylviachan/Desktop/機器學習/分組/Garbage-Classification-System/data/raw_data/Trashnet.zip,dataset-resized/metal/metal19.jpg,TN_metal_19.jpg,/Users/sylviachan/Desktop/機器學習/分組/Garbage-Classification-System/data/supplement_candidates/metal/TN_metal_19.jpg,manual_review_then_add_to_train
metal,TrashNet,/Users/sylviachan/Desktop/機器學習/分組/Garbage-Classification-System/data/raw_data/Trashnet.zip,dataset-resized/metal/metal2.jpg,TN_metal_2.jpg,/Users/sylviachan/Desktop/機器學習/分組/Garbage-Classification-System/data/supplement_candidates/metal/TN_metal_2.jpg,manual_review_then_add_to_train
metal,TrashNet,/Users/sylviachan/Desktop/機器學習/分組/Garbage-Classification-System/data/raw_data/Trashnet.zip,dataset-resized/metal/metal110.jpg,TN_metal_110.jpg,/Users/sylviachan/Desktop/機器學習/分組/Garbage-Classification-System/data/supplement_candidates/metal/TN_metal_110.jpg,manual_review_then_add_to_train
metal,TrashNet,/Users/sylviachan/Desktop/機器學習/分組/Garbage-Classification-System/data/raw_data/Trashnet.zip,dataset-resized/metal/metal194.jpg,TN_metal_194.jpg,/Users/sylviachan/Desktop/機器學習/分組/Garbage-Classification-System/data/supplement_candidates/metal/TN_metal_194.jpg,manual_review_then_add_to_train
metal,TrashNet,/Users/sylviachan/Desktop/機器學習/分組/Garbage-Classification-System/data/raw_data/Trashnet.zip,dataset-resized/metal/metal49.jpg,TN_metal_49.jpg,/Users/sylviachan/Desktop/機器學習/分組/Garbage-Classification-System/data/supplement_candidates/metal/TN_metal_49.jpg,manual_review_then_add_to_train
metal,TrashNet,/Users/sylviachan/Desktop/機器學習/分組/Garbage-Classification-System/data/raw_data/Trashnet.zip,dataset-resized/metal/metal245.jpg,TN_metal_245.jpg,/Users/sylviachan/Desktop/機器學習/分組/Garbage-Classification-System/data/supplement_candidates/metal/TN_metal_245.jpg,manual_review_then_add_to_train
metal,TrashNet,/Users/sylviachan/Desktop/機器學習/分組/Garbage-Classification-System/data/raw_data/Trashnet.zip,dataset-resized/metal/metal264.jpg,TN_metal_264.jpg,/Users/sylviachan/Desktop/機器學習/分組/Garbage-Classification-System/data/supplement_candidates/metal/TN_metal_264.jpg,manual_review_then_add_to_train
metal,TrashNet,/Users/sylviachan/Desktop/機器學習/分組/Garbage-Classification-System/data/raw_data/Trashnet.zip,dataset-resized/metal/metal52.jpg,TN_metal_52.jpg,/Users/sylviachan/Desktop/機器學習/分組/Garbage-Classification-System/data/supplement_candidates/metal/TN_metal_52.jpg,manual_review_then_add_to_train
metal,TrashNet,/Users/sylviachan/Desktop/機器學習/分組/Garbage-Classification-System/data/raw_data/Trashnet.zip,dataset-resized/metal/metal113.jpg,TN_metal_113.jpg,/Users/sylviachan/Desktop/機器學習/分組/Garbage-Classification-System/data/supplement_candidates/metal/TN_metal_113.jpg,manual_review_then_add_to_train
metal,TrashNet,/Users/sylviachan/Desktop/機器學習/分組/Garbage-Classification-System/data/raw_data/Trashnet.zip,dataset-resized/metal/metal369.jpg,TN_metal_369.jpg,/Users/sylviachan/Desktop/機器學習/分組/Garbage-Classification-System/data/supplement_candidates/metal/TN_metal_369.jpg,manual_review_then_add_to_train
metal,TrashNet,/Users/sylviachan/Desktop/機器學習/分組/Garbage-Classification-System/data/raw_data/Trashnet.zip,dataset-resized/metal/metal269.jpg,TN_metal_269.jpg,/Users/sylviachan/Desktop/機器學習/分組/Garbage-Classification-System/data/supplement_candidates/metal/TN_metal_269.jpg,manual_review_then_add_to_train
metal,TrashNet,/Users/sylviachan/Desktop/機器學習/分組/Garbage-Classification-System/data/raw_data/Trashnet.zip,dataset-resized/metal/metal305.jpg,TN_metal_305.jpg,/Users/sylviachan/Desktop/機器學習/分組/Garbage-Classification-System/data/supplement_candidates/metal/TN_metal_305.jpg,manual_review_then_add_to_train
metal,TrashNet,/Users/sylviachan/Desktop/機器學習/分組/Garbage-Classification-System/data/raw_data/Trashnet.zip,dataset-resized/metal/metal75.jpg,TN_metal_75.jpg,/Users/sylviachan/Desktop/機器學習/分組/Garbage-Classification-System/data/supplement_candidates/metal/TN_metal_75.jpg,manual_review_then_add_to_train
metal,TrashNet,/Users/sylviachan/Desktop/機器學習/分組/Garbage-Classification-System/data/raw_data/Trashnet.zip,dataset-resized/metal/metal220.jpg,TN_metal_220.jpg,/Users/sylviachan/Desktop/機器學習/分組/Garbage-Classification-System/data/supplement_candidates/metal/TN_metal_220.jpg,manual_review_then_add_to_train
metal,TrashNet,/Users/sylviachan/Desktop/機器學習/分組/Garbage-Classification-System/data/raw_data/Trashnet.zip,dataset-resized/metal/metal84.jpg,TN_metal_84.jpg,/Users/sylviachan/Desktop/機器學習/分組/Garbage-Classification-System/data/supplement_candidates/metal/TN_metal_84.jpg,manual_review_then_add_to_train
metal,TrashNet,/Users/sylviachan/Desktop/機器學習/分組/Garbage-Classification-System/data/raw_data/Trashnet.zip,dataset-resized/metal/metal288.jpg,TN_metal_288.jpg,/Users/sylviachan/Desktop/機器學習/分組/Garbage-Classification-System/data/supplement_candidates/metal/TN_metal_288.jpg,manual_review_then_add_to_train
metal,TrashNet,/Users/sylviachan/Desktop/機器學習/分組/Garbage-Classification-System/data/raw_data/Trashnet.zip,dataset-resized/metal/metal237.jpg,TN_metal_237.jpg,/Users/sylviachan/Desktop/機器學習/分組/Garbage-Classification-System/data/supplement_candidates/metal/TN_metal_237.jpg,manual_review_then_add_to_train
metal,TrashNet,/Users/sylviachan/Desktop/機器學習/分組/Garbage-Classification-System/data/raw_data/Trashnet.zip,dataset-resized/metal/metal4.jpg,TN_metal_4.jpg,/Users/sylviachan/Desktop/機器學習/分組/Garbage-Classification-System/data/supplement_candidates/metal/TN_metal_4.jpg,manual_review_then_add_to_train
metal,TrashNet,/Users/sylviachan/Desktop/機器學習/分組/Garbage-Classification-System/data/raw_data/Trashnet.zip,dataset-resized/metal/metal226.jpg,TN_metal_226.jpg,/Users/sylviachan/Desktop/機器學習/分組/Garbage-Classification-System/data/supplement_candidates/metal/TN_metal_226.jpg,manual_review_then_add_to_train
metal,TrashNet,/Users/sylviachan/Desktop/機器學習/分組/Garbage-Classification-System/data/raw_data/Trashnet.zip,dataset-resized/metal/metal331.jpg,TN_metal_331.jpg,/Users/sylviachan/Desktop/機器學習/分組/Garbage-Classification-System/data/supplement_candidates/metal/TN_metal_331.jpg,manual_review_then_add_to_train
metal,TrashNet,/Users/sylviachan/Desktop/機器學習/分組/Garbage-Classification-System/data/raw_data/Trashnet.zip,dataset-resized/metal/metal273.jpg,TN_metal_273.jpg,/Users/sylviachan/Desktop/機器學習/分組/Garbage-Classification-System/data/supplement_candidates/metal/TN_metal_273.jpg,manual_review_then_add_to_train
metal,TrashNet,/Users/sylviachan/Desktop/機器學習/分組/Garbage-Classification-System/data/raw_data/Trashnet.zip,dataset-resized/metal/metal181.jpg,TN_metal_181.jpg,/Users/sylviachan/Desktop/機器學習/分組/Garbage-Classification-System/data/supplement_candidates/metal/TN_metal_181.jpg,manual_review_then_add_to_train
metal,TrashNet,/Users/sylviachan/Desktop/機器學習/分組/Garbage-Classification-System/data/raw_data/Trashnet.zip,dataset-resized/metal/metal290.jpg,TN_metal_290.jpg,/Users/sylviachan/Desktop/機器學習/分組/Garbage-Classification-System/data/supplement_candidates/metal/TN_metal_290.jpg,manual_review_then_add_to_train
metal,TrashNet,/Users/sylviachan/Desktop/機器學習/分組/Garbage-Classification-System/data/raw_data/Trashnet.zip,dataset-resized/metal/metal342.jpg,TN_metal_342.jpg,/Users/sylviachan/Desktop/機器學習/分組/Garbage-Classification-System/data/supplement_candidates/metal/TN_metal_342.jpg,manual_review_then_add_to_train
metal,TrashNet,/Users/sylviachan/Desktop/機器學習/分組/Garbage-Classification-System/data/raw_data/Trashnet.zip,dataset-resized/metal/metal250.jpg,TN_metal_250.jpg,/Users/sylviachan/Desktop/機器學習/分組/Garbage-Classification-System/data/supplement_candidates/metal/TN_metal_250.jpg,manual_review_then_add_to_train
metal,TrashNet,/Users/sylviachan/Desktop/機器學習/分組/Garbage-Classification-System/data/raw_data/Trashnet.zip,dataset-resized/metal/metal81.jpg,TN_metal_81.jpg,/Users/sylviachan/Desktop/機器學習/分組/Garbage-Classification-System/data/supplement_candidates/metal/TN_metal_81.jpg,manual_review_then_add_to_train
metal,TrashNet,/Users/sylviachan/Desktop/機器學習/分組/Garbage-Classification-System/data/raw_data/Trashnet.zip,dataset-resized/metal/metal36.jpg,TN_metal_36.jpg,/Users/sylviachan/Desktop/機器學習/分組/Garbage-Classification-System/data/supplement_candidates/metal/TN_metal_36.jpg,manual_review_then_add_to_train
metal,TrashNet,/Users/sylviachan/Desktop/機器學習/分組/Garbage-Classification-System/data/raw_data/Trashnet.zip,dataset-resized/metal/metal223.jpg,TN_metal_223.jpg,/Users/sylviachan/Desktop/機器學習/分組/Garbage-Classification-System/data/supplement_candidates/metal/TN_metal_223.jpg,manual_review_then_add_to_train
metal,TrashNet,/Users/sylviachan/Desktop/機器學習/分組/Garbage-Classification-System/data/raw_data/Trashnet.zip,dataset-resized/metal/metal124.jpg,TN_metal_124.jpg,/Users/sylviachan/Desktop/機器學習/分組/Garbage-Classification-System/data/supplement_candidates/metal/TN_metal_124.jpg,manual_review_then_add_to_train
metal,TrashNet,/Users/sylviachan/Desktop/機器學習/分組/Garbage-Classification-System/data/raw_data/Trashnet.zip,dataset-resized/metal/metal137.jpg,TN_metal_137.jpg,/Users/sylviachan/Desktop/機器學習/分組/Garbage-Classification-System/data/supplement_candidates/metal/TN_metal_137.jpg,manual_review_then_add_to_train
metal,GD,/Users/sylviachan/Desktop/機器學習/分組/Garbage-Classification-System/data/raw_data/GD.zip,original/metal/metal_887.jpg,GD_metal_887.jpg,/Users/sylviachan/Desktop/機器學習/分組/Garbage-Classification-System/data/supplement_candidates/metal/GD_metal_887.jpg,manual_review_then_add_to_train
metal,GD,/Users/sylviachan/Desktop/機器學習/分組/Garbage-Classification-System/data/raw_data/GD.zip,original/metal/metal_847.jpg,GD_metal_847.jpg,/Users/sylviachan/Desktop/機器學習/分組/Garbage-Classification-System/data/supplement_candidates/metal/GD_metal_847.jpg,manual_review_then_add_to_train
metal,GD,/Users/sylviachan/Desktop/機器學習/分組/Garbage-Classification-System/data/raw_data/GD.zip,original/metal/metal_853.jpg,GD_metal_853.jpg,/Users/sylviachan/Desktop/機器學習/分組/Garbage-Classification-System/data/supplement_candidates/metal/GD_metal_853.jpg,manual_review_then_add_to_train
metal,GD,/Users/sylviachan/Desktop/機器學習/分組/Garbage-Classification-System/data/raw_data/GD.zip,original/metal/metal_854.jpg,GD_metal_854.jpg,/Users/sylviachan/Desktop/機器學習/分組/Garbage-Classification-System/data/supplement_candidates/metal/GD_metal_854.jpg,manual_review_then_add_to_train
metal,GD,/Users/sylviachan/Desktop/機器學習/分組/Garbage-Classification-System/data/raw_data/GD.zip,original/metal/metal_909.jpg,GD_metal_909.jpg,/Users/sylviachan/Desktop/機器學習/分組/Garbage-Classification-System/data/supplement_candidates/metal/GD_metal_909.jpg,manual_review_then_add_to_train
metal,GD,/Users/sylviachan/Desktop/機器學習/分組/Garbage-Classification-System/data/raw_data/GD.zip,original/metal/metal_923.jpg,GD_metal_923.jpg,/Users/sylviachan/Desktop/機器學習/分組/Garbage-Classification-System/data/supplement_candidates/metal/GD_metal_923.jpg,manual_review_then_add_to_train
metal,GD,/Users/sylviachan/Desktop/機器學習/分組/Garbage-Classification-System/data/raw_data/GD.zip,original/metal/metal_881.jpg,GD_metal_881.jpg,/Users/sylviachan/Desktop/機器學習/分組/Garbage-Classification-System/data/supplement_candidates/metal/GD_metal_881.jpg,manual_review_then_add_to_train
metal,GD,/Users/sylviachan/Desktop/機器學習/分組/Garbage-Classification-System/data/raw_data/GD.zip,original/metal/metal_888.jpg,GD_metal_888.jpg,/Users/sylviachan/Desktop/機器學習/分組/Garbage-Classification-System/data/supplement_candidates/metal/GD_metal_888.jpg,manual_review_then_add_to_train
metal,GD,/Users/sylviachan/Desktop/機器學習/分組/Garbage-Classification-System/data/raw_data/GD.zip,original/metal/metal_872.jpg,GD_metal_872.jpg,/Users/sylviachan/Desktop/機器學習/分組/Garbage-Classification-System/data/supplement_candidates/metal/GD_metal_872.jpg,manual_review_then_add_to_train
metal,GD,/Users/sylviachan/Desktop/機器學習/分組/Garbage-Classification-System/data/raw_data/GD.zip,original/metal/metal_873.jpg,GD_metal_873.jpg,/Users/sylviachan/Desktop/機器學習/分組/Garbage-Classification-System/data/supplement_candidates/metal/GD_metal_873.jpg,manual_review_then_add_to_train
metal,GD,/Users/sylviachan/Desktop/機器學習/分組/Garbage-Classification-System/data/raw_data/GD.zip,original/metal/metal_870.jpg,GD_metal_870.jpg,/Users/sylviachan/Desktop/機器學習/分組/Garbage-Classification-System/data/supplement_candidates/metal/GD_metal_870.jpg,manual_review_then_add_to_train
metal,GD,/Users/sylviachan/Desktop/機器學習/分組/Garbage-Classification-System/data/raw_data/GD.zip,original/metal/metal_906.jpg,GD_metal_906.jpg,/Users/sylviachan/Desktop/機器學習/分組/Garbage-Classification-System/data/supplement_candidates/metal/GD_metal_906.jpg,manual_review_then_add_to_train
metal,GD,/Users/sylviachan/Desktop/機器學習/分組/Garbage-Classification-System/data/raw_data/GD.zip,original/metal/metal_863.jpg,GD_metal_863.jpg,/Users/sylviachan/Desktop/機器學習/分組/Garbage-Classification-System/data/supplement_candidates/metal/GD_metal_863.jpg,manual_review_then_add_to_train
metal,GD,/Users/sylviachan/Desktop/機器學習/分組/Garbage-Classification-System/data/raw_data/GD.zip,original/metal/metal_840.jpg,GD_metal_840.jpg,/Users/sylviachan/Desktop/機器學習/分組/Garbage-Classification-System/data/supplement_candidates/metal/GD_metal_840.jpg,manual_review_then_add_to_train
metal,GD,/Users/sylviachan/Desktop/機器學習/分組/Garbage-Classification-System/data/raw_data/GD.zip,original/metal/metal_876.jpg,GD_metal_876.jpg,/Users/sylviachan/Desktop/機器學習/分組/Garbage-Classification-System/data/supplement_candidates/metal/GD_metal_876.jpg,manual_review_then_add_to_train
metal,GD,/Users/sylviachan/Desktop/機器學習/分組/Garbage-Classification-System/data/raw_data/GD.zip,original/metal/metal_896.jpg,GD_metal_896.jpg,/Users/sylviachan/Desktop/機器學習/分組/Garbage-Classification-System/data/supplement_candidates/metal/GD_metal_896.jpg,manual_review_then_add_to_train
metal,GD,/Users/sylviachan/Desktop/機器學習/分組/Garbage-Classification-System/data/raw_data/GD.zip,original/metal/metal_921.jpg,GD_metal_921.jpg,/Users/sylviachan/Desktop/機器學習/分組/Garbage-Classification-System/data/supplement_candidates/metal/GD_metal_921.jpg,manual_review_then_add_to_train
metal,GD,/Users/sylviachan/Desktop/機器學習/分組/Garbage-Classification-System/data/raw_data/GD.zip,original/metal/metal_908.jpg,GD_metal_908.jpg,/Users/sylviachan/Desktop/機器學習/分組/Garbage-Classification-System/data/supplement_candidates/metal/GD_metal_908.jpg,manual_review_then_add_to_train
metal,GD,/Users/sylviachan/Desktop/機器學習/分組/Garbage-Classification-System/data/raw_data/GD.zip,original/metal/metal_861.jpg,GD_metal_861.jpg,/Users/sylviachan/Desktop/機器學習/分組/Garbage-Classification-System/data/supplement_candidates/metal/GD_metal_861.jpg,manual_review_then_add_to_train
metal,GD,/Users/sylviachan/Desktop/機器學習/分組/Garbage-Classification-System/data/raw_data/GD.zip,original/metal/metal_907.jpg,GD_metal_907.jpg,/Users/sylviachan/Desktop/機器學習/分組/Garbage-Classification-System/data/supplement_candidates/metal/GD_metal_907.jpg,manual_review_then_add_to_train
metal,GD,/Users/sylviachan/Desktop/機器學習/分組/Garbage-Classification-System/data/raw_data/GD.zip,original/metal/metal_883.jpg,GD_metal_883.jpg,/Users/sylviachan/Desktop/機器學習/分組/Garbage-Classification-System/data/supplement_candidates/metal/GD_metal_883.jpg,manual_review_then_add_to_train
metal,GD,/Users/sylviachan/Desktop/機器學習/分組/Garbage-Classification-System/data/raw_data/GD.zip,original/metal/metal_911.jpg,GD_metal_911.jpg,/Users/sylviachan/Desktop/機器學習/分組/Garbage-Classification-System/data/supplement_candidates/metal/GD_metal_911.jpg,manual_review_then_add_to_train
metal,GD,/Users/sylviachan/Desktop/機器學習/分組/Garbage-Classification-System/data/raw_data/GD.zip,original/metal/metal_848.jpg,GD_metal_848.jpg,/Users/sylviachan/Desktop/機器學習/分組/Garbage-Classification-System/data/supplement_candidates/metal/GD_metal_848.jpg,manual_review_then_add_to_train
metal,GD,/Users/sylviachan/Desktop/機器學習/分組/Garbage-Classification-System/data/raw_data/GD.zip,original/metal/metal_922.jpg,GD_metal_922.jpg,/Users/sylviachan/Desktop/機器學習/分組/Garbage-Classification-System/data/supplement_candidates/metal/GD_metal_922.jpg,manual_review_then_add_to_train
metal,GD,/Users/sylviachan/Desktop/機器學習/分組/Garbage-Classification-System/data/raw_data/GD.zip,original/metal/metal_899.jpg,GD_metal_899.jpg,/Users/sylviachan/Desktop/機器學習/分組/Garbage-Classification-System/data/supplement_candidates/metal/GD_metal_899.jpg,manual_review_then_add_to_train
metal,GD,/Users/sylviachan/Desktop/機器學習/分組/Garbage-Classification-System/data/raw_data/GD.zip,original/metal/metal_918.jpg,GD_metal_918.jpg,/Users/sylviachan/Desktop/機器學習/分組/Garbage-Classification-System/data/supplement_candidates/metal/GD_metal_918.jpg,manual_review_then_add_to_train
metal,GD,/Users/sylviachan/Desktop/機器學習/分組/Garbage-Classification-System/data/raw_data/GD.zip,original/metal/metal_860.jpg,GD_metal_860.jpg,/Users/sylviachan/Desktop/機器學習/分組/Garbage-Classification-System/data/supplement_candidates/metal/GD_metal_860.jpg,manual_review_then_add_to_train
metal,GD,/Users/sylviachan/Desktop/機器學習/分組/Garbage-Classification-System/data/raw_data/GD.zip,original/metal/metal_915.jpg,GD_metal_915.jpg,/Users/sylviachan/Desktop/機器學習/分組/Garbage-Classification-System/data/supplement_candidates/metal/GD_metal_915.jpg,manual_review_then_add_to_train
metal,GD,/Users/sylviachan/Desktop/機器學習/分組/Garbage-Classification-System/data/raw_data/GD.zip,original/metal/metal_914.jpg,GD_metal_914.jpg,/Users/sylviachan/Desktop/機器學習/分組/Garbage-Classification-System/data/supplement_candidates/metal/GD_metal_914.jpg,manual_review_then_add_to_train
metal,GD,/Users/sylviachan/Desktop/機器學習/分組/Garbage-Classification-System/data/raw_data/GD.zip,original/metal/metal_862.jpg,GD_metal_862.jpg,/Users/sylviachan/Desktop/機器學習/分組/Garbage-Classification-System/data/supplement_candidates/metal/GD_metal_862.jpg,manual_review_then_add_to_train
metal,GD,/Users/sylviachan/Desktop/機器學習/分組/Garbage-Classification-System/data/raw_data/GD.zip,original/metal/metal_891.jpg,GD_metal_891.jpg,/Users/sylviachan/Desktop/機器學習/分組/Garbage-Classification-System/data/supplement_candidates/metal/GD_metal_891.jpg,manual_review_then_add_to_train
metal,GD,/Users/sylviachan/Desktop/機器學習/分組/Garbage-Classification-System/data/raw_data/GD.zip,original/metal/metal_926.jpg,GD_metal_926.jpg,/Users/sylviachan/Desktop/機器學習/分組/Garbage-Classification-System/data/supplement_candidates/metal/GD_metal_926.jpg,manual_review_then_add_to_train
metal,GD,/Users/sylviachan/Desktop/機器學習/分組/Garbage-Classification-System/data/raw_data/GD.zip,original/metal/metal_844.jpg,GD_metal_844.jpg,/Users/sylviachan/Desktop/機器學習/分組/Garbage-Classification-System/data/supplement_candidates/metal/GD_metal_844.jpg,manual_review_then_add_to_train
metal,GD,/Users/sylviachan/Desktop/機器學習/分組/Garbage-Classification-System/data/raw_data/GD.zip,original/metal/metal_859.jpg,GD_metal_859.jpg,/Users/sylviachan/Desktop/機器學習/分組/Garbage-Classification-System/data/supplement_candidates/metal/GD_metal_859.jpg,manual_review_then_add_to_train
metal,GD,/Users/sylviachan/Desktop/機器學習/分組/Garbage-Classification-System/data/raw_data/GD.zip,original/metal/metal_884.jpg,GD_metal_884.jpg,/Users/sylviachan/Desktop/機器學習/分組/Garbage-Classification-System/data/supplement_candidates/metal/GD_metal_884.jpg,manual_review_then_add_to_train
metal,GD,/Users/sylviachan/Desktop/機器學習/分組/Garbage-Classification-System/data/raw_data/GD.zip,original/metal/metal_929.jpg,GD_metal_929.jpg,/Users/sylviachan/Desktop/機器學習/分組/Garbage-Classification-System/data/supplement_candidates/metal/GD_metal_929.jpg,manual_review_then_add_to_train
metal,GD,/Users/sylviachan/Desktop/機器學習/分組/Garbage-Classification-System/data/raw_data/GD.zip,original/metal/metal_919.jpg,GD_metal_919.jpg,/Users/sylviachan/Desktop/機器學習/分組/Garbage-Classification-System/data/supplement_candidates/metal/GD_metal_919.jpg,manual_review_then_add_to_train
metal,GD,/Users/sylviachan/Desktop/機器學習/分組/Garbage-Classification-System/data/raw_data/GD.zip,original/metal/metal_903.jpg,GD_metal_903.jpg,/Users/sylviachan/Desktop/機器學習/分組/Garbage-Classification-System/data/supplement_candidates/metal/GD_metal_903.jpg,manual_review_then_add_to_train
metal,GD,/Users/sylviachan/Desktop/機器學習/分組/Garbage-Classification-System/data/raw_data/GD.zip,original/metal/metal_894.jpg,GD_metal_894.jpg,/Users/sylviachan/Desktop/機器學習/分組/Garbage-Classification-System/data/supplement_candidates/metal/GD_metal_894.jpg,manual_review_then_add_to_train
metal,GD,/Users/sylviachan/Desktop/機器學習/分組/Garbage-Classification-System/data/raw_data/GD.zip,original/metal/metal_675.jpg,GD_metal_675.jpg,/Users/sylviachan/Desktop/機器學習/分組/Garbage-Classification-System/data/supplement_candidates/metal/GD_metal_675.jpg,manual_review_then_add_to_train
